[2026-03-04T23:40:43.343Z] POST /mcp sessionId=(nenhum) body.method=initialize isInit=true
[2026-03-04T23:40:43.350Z] nova sessão 8a217f5c-5365-4efc-9391-f4013f009db7 (initialize)
[2026-03-04T23:40:43.381Z] POST /mcp sessionId=8a217f5c-5365-4efc-9391-f4013f009db7 body.method=notifications/initialized isInit=false
[2026-03-04T23:40:43.409Z] POST /mcp sessionId=8a217f5c-5365-4efc-9391-f4013f009db7 body.method=tools/list isInit=false
[2026-03-04T23:40:43.582Z] POST /mcp sessionId=8a217f5c-5365-4efc-9391-f4013f009db7 body.method=tools/list isInit=false
[2026-03-04T23:40:47.795Z] POST /mcp sessionId=8a217f5c-5365-4efc-9391-f4013f009db7 body.method=tools/list isInit=false
[2026-03-04T23:41:19.620Z] POST /mcp sessionId=8a217f5c-5365-4efc-9391-f4013f009db7 body.method=tools/call isInit=false
[2026-03-04T23:43:27.172Z] POST /mcp sessionId=8a217f5c-5365-4efc-9391-f4013f009db7 body.method=tools/list isInit=false
[2026-03-04T23:43:33.859Z] POST /mcp sessionId=8a217f5c-5365-4efc-9391-f4013f009db7 body.method=tools/list isInit=false
[2026-03-04T23:43:36.597Z] POST /mcp sessionId=8a217f5c-5365-4efc-9391-f4013f009db7 body.method=tools/call isInit=false
[2026-03-04T23:44:06.479Z] POST /mcp sessionId=8a217f5c-5365-4efc-9391-f4013f009db7 body.method=tools/list isInit=false
[2026-03-04T23:44:07.485Z] POST /mcp sessionId=(nenhum) body.method=initialize isInit=true
[2026-03-04T23:44:07.493Z] nova sessão a60f9603-3bf5-4751-adc4-051a47467b83 (initialize)
[2026-03-04T23:44:07.515Z] POST /mcp sessionId=a60f9603-3bf5-4751-adc4-051a47467b83 body.method=notifications/initialized isInit=false
[2026-03-04T23:44:07.550Z] POST /mcp sessionId=a60f9603-3bf5-4751-adc4-051a47467b83 body.method=tools/list isInit=false
[2026-03-04T23:44:27.366Z] POST /mcp sessionId=a60f9603-3bf5-4751-adc4-051a47467b83 body.method=tools/call isInit=false
[2026-03-04T23:45:07.269Z] POST /mcp sessionId=(nenhum) body.method=initialize isInit=true
[2026-03-04T23:45:07.280Z] nova sessão 41c42d24-bfb7-488f-93ae-7da96622936e (initialize)
[2026-03-04T23:45:07.300Z] POST /mcp sessionId=41c42d24-bfb7-488f-93ae-7da96622936e body.method=notifications/initialized isInit=false
[2026-03-04T23:45:07.328Z] POST /mcp sessionId=41c42d24-bfb7-488f-93ae-7da96622936e body.method=tools/list isInit=false
[2026-03-04T23:45:23.090Z] POST /mcp sessionId=41c42d24-bfb7-488f-93ae-7da96622936e body.method=tools/call isInit=false
[2026-03-04T23:46:06.399Z] POST /mcp sessionId=(nenhum) body.method=initialize isInit=true
[2026-03-04T23:46:06.407Z] nova sessão f91a6079-1f47-45bc-86ea-ab3316018ebe (initialize)
[2026-03-04T23:46:06.437Z] POST /mcp sessionId=f91a6079-1f47-45bc-86ea-ab3316018ebe body.method=notifications/initialized isInit=false
[2026-03-04T23:46:06.465Z] POST /mcp sessionId=f91a6079-1f47-45bc-86ea-ab3316018ebe body.method=tools/list isInit=false
[2026-03-04T23:46:17.871Z] POST /mcp sessionId=f91a6079-1f47-45bc-86ea-ab3316018ebe body.method=tools/call isInit=false
[2026-03-04T23:46:23.951Z] POST /mcp sessionId=f91a6079-1f47-45bc-86ea-ab3316018ebe body.method=tools/call isInit=false
[2026-03-04T23:46:37.139Z] POST /mcp sessionId=f91a6079-1f47-45bc-86ea-ab3316018ebe body.method=tools/call isInit=false
[2026-03-04T23:47:46.445Z] POST /mcp sessionId=f91a6079-1f47-45bc-86ea-ab3316018ebe body.method=tools/list isInit=false
[2026-03-04T23:50:15.531Z] POST /mcp sessionId=f91a6079-1f47-45bc-86ea-ab3316018ebe body.method=tools/list isInit=false
[2026-03-04T23:50:21.716Z] POST /mcp sessionId=f91a6079-1f47-45bc-86ea-ab3316018ebe body.method=tools/list isInit=false
[2026-03-04T23:50:48.335Z] POST /mcp sessionId=f91a6079-1f47-45bc-86ea-ab3316018ebe body.method=tools/list isInit=false
[2026-03-04T23:51:04.179Z] POST /mcp sessionId=f91a6079-1f47-45bc-86ea-ab3316018ebe body.method=tools/list isInit=false
[2026-03-04T23:52:03.062Z] POST /mcp sessionId=f91a6079-1f47-45bc-86ea-ab3316018ebe body.method=tools/call isInit=false
[2026-03-04T23:52:22.749Z] POST /mcp sessionId=f91a6079-1f47-45bc-86ea-ab3316018ebe body.method=tools/list isInit=false
[2026-03-04T23:52:30.120Z] POST /mcp sessionId=f91a6079-1f47-45bc-86ea-ab3316018ebe body.method=tools/list isInit=false
[2026-03-04T23:53:10.090Z] POST /mcp sessionId=f91a6079-1f47-45bc-86ea-ab3316018ebe body.method=tools/list isInit=false
[2026-03-04T23:53:15.632Z] POST /mcp sessionId=f91a6079-1f47-45bc-86ea-ab3316018ebe body.method=tools/list isInit=false
[2026-03-05T00:12:53.727Z] POST /mcp sessionId=(nenhum) body.method=initialize isInit=true
[2026-03-05T00:12:53.754Z] nova sessão b2488a74-e52d-4da2-a8e2-7f6d1f1a6c8b (initialize)
[2026-03-05T00:12:53.787Z] POST /mcp sessionId=b2488a74-e52d-4da2-a8e2-7f6d1f1a6c8b body.method=notifications/initialized isInit=false
[2026-03-05T00:12:53.798Z] POST /mcp sessionId=b2488a74-e52d-4da2-a8e2-7f6d1f1a6c8b body.method=tools/list isInit=false
[2026-03-05T00:12:53.826Z] POST /mcp sessionId=b2488a74-e52d-4da2-a8e2-7f6d1f1a6c8b body.method=tools/list isInit=false
[2026-03-05T00:13:09.566Z] POST /mcp sessionId=b2488a74-e52d-4da2-a8e2-7f6d1f1a6c8b body.method=tools/list isInit=false
[2026-03-05T00:14:47.429Z] POST /mcp sessionId=b2488a74-e52d-4da2-a8e2-7f6d1f1a6c8b body.method=tools/list isInit=false
[2026-03-05T00:16:49.419Z] POST /mcp sessionId=b2488a74-e52d-4da2-a8e2-7f6d1f1a6c8b body.method=tools/list isInit=false
[2026-03-05T00:17:06.843Z] POST /mcp sessionId=b2488a74-e52d-4da2-a8e2-7f6d1f1a6c8b body.method=tools/list isInit=false
[2026-03-05T00:19:35.024Z] POST /mcp sessionId=b2488a74-e52d-4da2-a8e2-7f6d1f1a6c8b body.method=tools/list isInit=false
[2026-03-05T00:19:44.859Z] POST /mcp sessionId=b2488a74-e52d-4da2-a8e2-7f6d1f1a6c8b body.method=tools/list isInit=false
[2026-03-05T00:24:53.798Z] POST /mcp sessionId=b2488a74-e52d-4da2-a8e2-7f6d1f1a6c8b body.method=tools/list isInit=false
[2026-03-05T00:28:24.981Z] POST /mcp sessionId=b2488a74-e52d-4da2-a8e2-7f6d1f1a6c8b body.method=tools/list isInit=false
[2026-03-05T00:28:35.698Z] POST /mcp sessionId=b2488a74-e52d-4da2-a8e2-7f6d1f1a6c8b body.method=tools/list isInit=false
[2026-03-05T00:31:34.445Z] POST /mcp sessionId=b2488a74-e52d-4da2-a8e2-7f6d1f1a6c8b body.method=tools/list isInit=false
[2026-03-05T00:32:40.770Z] POST /mcp sessionId=b2488a74-e52d-4da2-a8e2-7f6d1f1a6c8b body.method=tools/list isInit=false
[2026-03-05T00:32:50.802Z] POST /mcp sessionId=b2488a74-e52d-4da2-a8e2-7f6d1f1a6c8b body.method=tools/list isInit=false
[2026-03-05T00:34:17.413Z] POST /mcp sessionId=b2488a74-e52d-4da2-a8e2-7f6d1f1a6c8b body.method=tools/list isInit=false
[2026-03-05T00:34:39.416Z] POST /mcp sessionId=b2488a74-e52d-4da2-a8e2-7f6d1f1a6c8b body.method=tools/list isInit=false
[2026-03-05T00:34:46.249Z] POST /mcp sessionId=b2488a74-e52d-4da2-a8e2-7f6d1f1a6c8b body.method=tools/list isInit=false
[2026-03-05T00:35:09.842Z] POST /mcp sessionId=b2488a74-e52d-4da2-a8e2-7f6d1f1a6c8b body.method=tools/list isInit=false
[2026-03-05T00:36:19.523Z] POST /mcp sessionId=b2488a74-e52d-4da2-a8e2-7f6d1f1a6c8b body.method=tools/list isInit=false
[2026-03-05T10:36:57.628Z] POST /mcp sessionId=(nenhum) body.method=initialize isInit=true
[2026-03-05T10:36:57.670Z] nova sessão 3cc093f2-112c-4441-bcf2-b130b31a78c4 (initialize)
[2026-03-05T10:36:57.718Z] POST /mcp sessionId=3cc093f2-112c-4441-bcf2-b130b31a78c4 body.method=notifications/initialized isInit=false
[2026-03-05T10:36:57.744Z] POST /mcp sessionId=3cc093f2-112c-4441-bcf2-b130b31a78c4 body.method=tools/list isInit=false
[2026-03-05T10:36:57.819Z] POST /mcp sessionId=3cc093f2-112c-4441-bcf2-b130b31a78c4 body.method=tools/list isInit=false
[2026-03-05T10:38:01.961Z] POST /mcp sessionId=3cc093f2-112c-4441-bcf2-b130b31a78c4 body.method=tools/list isInit=false
[2026-03-05T10:39:01.522Z] POST /mcp sessionId=3cc093f2-112c-4441-bcf2-b130b31a78c4 body.method=tools/list isInit=false
[2026-03-05T10:39:01.754Z] POST /mcp sessionId=3cc093f2-112c-4441-bcf2-b130b31a78c4 body.method=tools/list isInit=false
[2026-03-05T10:39:14.719Z] POST /mcp sessionId=3cc093f2-112c-4441-bcf2-b130b31a78c4 body.method=tools/list isInit=false
[2026-03-05T10:39:14.940Z] POST /mcp sessionId=3cc093f2-112c-4441-bcf2-b130b31a78c4 body.method=tools/list isInit=false
[2026-03-05T10:39:33.866Z] POST /mcp sessionId=3cc093f2-112c-4441-bcf2-b130b31a78c4 body.method=tools/list isInit=false
[2026-03-05T10:39:37.529Z] POST /mcp sessionId=3cc093f2-112c-4441-bcf2-b130b31a78c4 body.method=tools/call isInit=false
[2026-03-05T10:39:57.537Z] POST /mcp sessionId=3cc093f2-112c-4441-bcf2-b130b31a78c4 body.method=tools/list isInit=false
[2026-03-05T10:39:57.732Z] POST /mcp sessionId=3cc093f2-112c-4441-bcf2-b130b31a78c4 body.method=tools/list isInit=false
[2026-03-05T10:40:07.425Z] POST /mcp sessionId=3cc093f2-112c-4441-bcf2-b130b31a78c4 body.method=tools/list isInit=false
[2026-03-05T10:40:07.652Z] POST /mcp sessionId=3cc093f2-112c-4441-bcf2-b130b31a78c4 body.method=tools/list isInit=false
[2026-03-05T10:40:14.868Z] POST /mcp sessionId=3cc093f2-112c-4441-bcf2-b130b31a78c4 body.method=tools/call isInit=false
[2026-03-05T10:40:18.807Z] POST /mcp sessionId=3cc093f2-112c-4441-bcf2-b130b31a78c4 body.method=tools/list isInit=false
[2026-03-05T10:40:19.224Z] POST /mcp sessionId=3cc093f2-112c-4441-bcf2-b130b31a78c4 body.method=tools/list isInit=false
[2026-03-05T10:40:26.404Z] POST /mcp sessionId=3cc093f2-112c-4441-bcf2-b130b31a78c4 body.method=tools/call isInit=false
[2026-03-05T10:40:56.682Z] POST /mcp sessionId=3cc093f2-112c-4441-bcf2-b130b31a78c4 body.method=tools/list isInit=false
[2026-03-05T10:41:20.480Z] POST /mcp sessionId=3cc093f2-112c-4441-bcf2-b130b31a78c4 body.method=tools/list isInit=false
[2026-03-05T10:41:26.935Z] POST /mcp sessionId=3cc093f2-112c-4441-bcf2-b130b31a78c4 body.method=tools/list isInit=false
[2026-03-05T10:46:24.269Z] POST /mcp sessionId=3cc093f2-112c-4441-bcf2-b130b31a78c4 body.method=tools/list isInit=false
[2026-03-05T10:49:32.617Z] POST /mcp sessionId=3cc093f2-112c-4441-bcf2-b130b31a78c4 body.method=tools/list isInit=false
[2026-03-05T11:00:38.153Z] POST /mcp sessionId=3cc093f2-112c-4441-bcf2-b130b31a78c4 body.method=tools/list isInit=false
[2026-03-05T11:14:57.078Z] POST /mcp sessionId=3cc093f2-112c-4441-bcf2-b130b31a78c4 body.method=tools/list isInit=false
[2026-03-05T11:17:34.708Z] POST /mcp sessionId=3cc093f2-112c-4441-bcf2-b130b31a78c4 body.method=tools/list isInit=false
[2026-03-05T11:18:24.516Z] POST /mcp sessionId=(nenhum) body.method=initialize isInit=true
[2026-03-05T11:18:24.520Z] nova sessão de584ec5-6ce1-4eb8-beeb-f2265bcb5ace (initialize)
[2026-03-05T11:18:24.721Z] POST /mcp sessionId=de584ec5-6ce1-4eb8-beeb-f2265bcb5ace body.method=notifications/initialized isInit=false
[2026-03-05T11:18:49.356Z] POST /mcp sessionId=de584ec5-6ce1-4eb8-beeb-f2265bcb5ace body.method=tools/list isInit=false
[2026-03-05T11:18:49.847Z] POST /mcp sessionId=de584ec5-6ce1-4eb8-beeb-f2265bcb5ace body.method=tools/list isInit=false
[2026-03-05T11:22:39.070Z] POST /mcp sessionId=de584ec5-6ce1-4eb8-beeb-f2265bcb5ace body.method=tools/list isInit=false
[2026-03-05T11:23:50.785Z] POST /mcp sessionId=3cc093f2-112c-4441-bcf2-b130b31a78c4 body.method=tools/list isInit=false
[2026-03-05T11:24:28.694Z] POST /mcp sessionId=de584ec5-6ce1-4eb8-beeb-f2265bcb5ace body.method=tools/list isInit=false
[2026-03-05T11:24:29.817Z] POST /mcp sessionId=3cc093f2-112c-4441-bcf2-b130b31a78c4 body.method=tools/list isInit=false
[2026-03-05T11:26:40.433Z] POST /mcp sessionId=3cc093f2-112c-4441-bcf2-b130b31a78c4 body.method=tools/list isInit=false
[2026-03-05T11:26:42.587Z] POST /mcp sessionId=de584ec5-6ce1-4eb8-beeb-f2265bcb5ace body.method=tools/list isInit=false
[2026-03-05T11:27:53.744Z] POST /mcp sessionId=3cc093f2-112c-4441-bcf2-b130b31a78c4 body.method=tools/list isInit=false
[2026-03-05T11:28:10.828Z] POST /mcp sessionId=de584ec5-6ce1-4eb8-beeb-f2265bcb5ace body.method=tools/list isInit=false
[2026-03-05T11:28:40.948Z] POST /mcp sessionId=de584ec5-6ce1-4eb8-beeb-f2265bcb5ace body.method=tools/list isInit=false
[2026-03-05T11:28:43.166Z] POST /mcp sessionId=3cc093f2-112c-4441-bcf2-b130b31a78c4 body.method=tools/list isInit=false
[2026-03-05T11:28:50.886Z] POST /mcp sessionId=3cc093f2-112c-4441-bcf2-b130b31a78c4 body.method=tools/list isInit=false
[2026-03-05T11:30:19.436Z] POST /mcp sessionId=3cc093f2-112c-4441-bcf2-b130b31a78c4 body.method=tools/list isInit=false
[2026-03-05T11:30:24.534Z] POST /mcp sessionId=3cc093f2-112c-4441-bcf2-b130b31a78c4 body.method=tools/call isInit=false
[2026-03-05T11:30:31.714Z] POST /mcp sessionId=3cc093f2-112c-4441-bcf2-b130b31a78c4 body.method=tools/call isInit=false
[2026-03-05T11:31:09.278Z] POST /mcp sessionId=3cc093f2-112c-4441-bcf2-b130b31a78c4 body.method=tools/list isInit=false
[2026-03-05T11:31:16.369Z] POST /mcp sessionId=3cc093f2-112c-4441-bcf2-b130b31a78c4 body.method=tools/list isInit=false
[2026-03-05T11:31:22.392Z] POST /mcp sessionId=de584ec5-6ce1-4eb8-beeb-f2265bcb5ace body.method=tools/list isInit=false
[2026-03-05T11:31:24.068Z] POST /mcp sessionId=3cc093f2-112c-4441-bcf2-b130b31a78c4 body.method=tools/call isInit=false
[2026-03-05T11:31:30.291Z] POST /mcp sessionId=3cc093f2-112c-4441-bcf2-b130b31a78c4 body.method=tools/list isInit=false
[2026-03-05T11:33:25.589Z] POST /mcp sessionId=3cc093f2-112c-4441-bcf2-b130b31a78c4 body.method=tools/list isInit=false
[2026-03-05T11:34:26.723Z] POST /mcp sessionId=de584ec5-6ce1-4eb8-beeb-f2265bcb5ace body.method=tools/list isInit=false
[2026-03-05T11:34:33.708Z] POST /mcp sessionId=de584ec5-6ce1-4eb8-beeb-f2265bcb5ace body.method=tools/list isInit=false
[2026-03-05T11:34:52.343Z] POST /mcp sessionId=de584ec5-6ce1-4eb8-beeb-f2265bcb5ace body.method=tools/list isInit=false
[2026-03-05T11:35:51.352Z] POST /mcp sessionId=de584ec5-6ce1-4eb8-beeb-f2265bcb5ace body.method=tools/list isInit=false
[2026-03-05T11:36:01.547Z] POST /mcp sessionId=de584ec5-6ce1-4eb8-beeb-f2265bcb5ace body.method=tools/list isInit=false
[2026-03-05T11:37:50.224Z] POST /mcp sessionId=de584ec5-6ce1-4eb8-beeb-f2265bcb5ace body.method=tools/list isInit=false
[2026-03-05T11:38:06.497Z] POST /mcp sessionId=de584ec5-6ce1-4eb8-beeb-f2265bcb5ace body.method=tools/list isInit=false
[2026-03-05T11:38:42.738Z] POST /mcp sessionId=de584ec5-6ce1-4eb8-beeb-f2265bcb5ace body.method=tools/list isInit=false
[2026-03-05T11:38:59.997Z] POST /mcp sessionId=de584ec5-6ce1-4eb8-beeb-f2265bcb5ace body.method=tools/list isInit=false
[2026-03-05T11:39:15.435Z] POST /mcp sessionId=de584ec5-6ce1-4eb8-beeb-f2265bcb5ace body.method=tools/list isInit=false
[2026-03-05T11:40:10.526Z] POST /mcp sessionId=de584ec5-6ce1-4eb8-beeb-f2265bcb5ace body.method=tools/list isInit=false
[2026-03-05T11:41:11.880Z] POST /mcp sessionId=de584ec5-6ce1-4eb8-beeb-f2265bcb5ace body.method=tools/list isInit=false
[2026-03-05T11:41:49.197Z] POST /mcp sessionId=de584ec5-6ce1-4eb8-beeb-f2265bcb5ace body.method=tools/list isInit=false
[2026-03-05T11:46:25.344Z] POST /mcp sessionId=de584ec5-6ce1-4eb8-beeb-f2265bcb5ace body.method=tools/list isInit=false
[2026-03-05T11:48:53.766Z] POST /mcp sessionId=de584ec5-6ce1-4eb8-beeb-f2265bcb5ace body.method=tools/list isInit=false
[2026-03-05T11:51:01.152Z] POST /mcp sessionId=de584ec5-6ce1-4eb8-beeb-f2265bcb5ace body.method=tools/list isInit=false
[2026-03-05T11:52:18.431Z] POST /mcp sessionId=de584ec5-6ce1-4eb8-beeb-f2265bcb5ace body.method=tools/list isInit=false
[2026-03-05T11:53:03.804Z] POST /mcp sessionId=de584ec5-6ce1-4eb8-beeb-f2265bcb5ace body.method=tools/list isInit=false
[2026-03-05T11:53:32.482Z] POST /mcp sessionId=de584ec5-6ce1-4eb8-beeb-f2265bcb5ace body.method=tools/list isInit=false
[2026-03-05T11:54:12.071Z] POST /mcp sessionId=de584ec5-6ce1-4eb8-beeb-f2265bcb5ace body.method=tools/list isInit=false
[2026-03-05T11:58:17.045Z] POST /mcp sessionId=de584ec5-6ce1-4eb8-beeb-f2265bcb5ace body.method=tools/list isInit=false
[2026-03-05T11:58:32.039Z] POST /mcp sessionId=de584ec5-6ce1-4eb8-beeb-f2265bcb5ace body.method=tools/list isInit=false
[2026-03-05T11:59:22.835Z] POST /mcp sessionId=de584ec5-6ce1-4eb8-beeb-f2265bcb5ace body.method=tools/list isInit=false
[2026-03-05T11:59:41.382Z] POST /mcp sessionId=de584ec5-6ce1-4eb8-beeb-f2265bcb5ace body.method=tools/list isInit=false
[2026-03-05T12:00:58.787Z] POST /mcp sessionId=de584ec5-6ce1-4eb8-beeb-f2265bcb5ace body.method=tools/list isInit=false
[2026-03-05T12:01:27.847Z] POST /mcp sessionId=de584ec5-6ce1-4eb8-beeb-f2265bcb5ace body.method=tools/list isInit=false
[2026-03-05T12:02:18.605Z] POST /mcp sessionId=de584ec5-6ce1-4eb8-beeb-f2265bcb5ace body.method=tools/list isInit=false
[2026-03-05T12:03:44.681Z] POST /mcp sessionId=de584ec5-6ce1-4eb8-beeb-f2265bcb5ace body.method=tools/list isInit=false
[2026-03-05T12:04:38.161Z] POST /mcp sessionId=de584ec5-6ce1-4eb8-beeb-f2265bcb5ace body.method=tools/list isInit=false
[2026-03-05T12:05:00.903Z] POST /mcp sessionId=de584ec5-6ce1-4eb8-beeb-f2265bcb5ace body.method=tools/list isInit=false
[2026-03-05T12:05:29.534Z] POST /mcp sessionId=de584ec5-6ce1-4eb8-beeb-f2265bcb5ace body.method=tools/list isInit=false
[2026-03-05T12:06:03.494Z] POST /mcp sessionId=de584ec5-6ce1-4eb8-beeb-f2265bcb5ace body.method=tools/list isInit=false
[2026-03-05T12:07:06.215Z] POST /mcp sessionId=de584ec5-6ce1-4eb8-beeb-f2265bcb5ace body.method=tools/list isInit=false
[2026-03-05T12:07:24.319Z] POST /mcp sessionId=de584ec5-6ce1-4eb8-beeb-f2265bcb5ace body.method=tools/list isInit=false
[2026-03-05T12:07:37.933Z] POST /mcp sessionId=de584ec5-6ce1-4eb8-beeb-f2265bcb5ace body.method=tools/list isInit=false
[2026-03-05T12:09:05.509Z] POST /mcp sessionId=de584ec5-6ce1-4eb8-beeb-f2265bcb5ace body.method=tools/list isInit=false
[2026-03-05T12:09:50.132Z] POST /mcp sessionId=de584ec5-6ce1-4eb8-beeb-f2265bcb5ace body.method=tools/list isInit=false
[2026-03-05T12:11:15.399Z] POST /mcp sessionId=de584ec5-6ce1-4eb8-beeb-f2265bcb5ace body.method=tools/list isInit=false
[2026-03-05T12:11:46.506Z] POST /mcp sessionId=de584ec5-6ce1-4eb8-beeb-f2265bcb5ace body.method=tools/list isInit=false
[2026-03-05T12:16:42.840Z] POST /mcp sessionId=de584ec5-6ce1-4eb8-beeb-f2265bcb5ace body.method=tools/list isInit=false
[2026-03-05T12:17:20.988Z] POST /mcp sessionId=de584ec5-6ce1-4eb8-beeb-f2265bcb5ace body.method=tools/list isInit=false
[2026-03-05T12:19:13.694Z] POST /mcp sessionId=de584ec5-6ce1-4eb8-beeb-f2265bcb5ace body.method=tools/list isInit=false
[2026-03-05T12:19:27.153Z] POST /mcp sessionId=de584ec5-6ce1-4eb8-beeb-f2265bcb5ace body.method=tools/list isInit=false
[2026-03-05T12:21:35.700Z] POST /mcp sessionId=de584ec5-6ce1-4eb8-beeb-f2265bcb5ace body.method=tools/list isInit=false
[2026-03-05T12:22:14.190Z] POST /mcp sessionId=de584ec5-6ce1-4eb8-beeb-f2265bcb5ace body.method=tools/list isInit=false
[2026-03-05T12:23:08.129Z] POST /mcp sessionId=de584ec5-6ce1-4eb8-beeb-f2265bcb5ace body.method=tools/list isInit=false
[2026-03-05T12:23:48.486Z] POST /mcp sessionId=de584ec5-6ce1-4eb8-beeb-f2265bcb5ace body.method=tools/list isInit=false
[2026-03-05T12:28:55.179Z] POST /mcp sessionId=de584ec5-6ce1-4eb8-beeb-f2265bcb5ace body.method=tools/list isInit=false
[2026-03-05T12:30:49.323Z] POST /mcp sessionId=de584ec5-6ce1-4eb8-beeb-f2265bcb5ace body.method=tools/list isInit=false
[2026-03-05T12:34:14.716Z] POST /mcp sessionId=de584ec5-6ce1-4eb8-beeb-f2265bcb5ace body.method=tools/list isInit=false
[2026-03-05T12:36:23.833Z] POST /mcp sessionId=de584ec5-6ce1-4eb8-beeb-f2265bcb5ace body.method=tools/list isInit=false
[2026-03-05T12:39:28.088Z] POST /mcp sessionId=de584ec5-6ce1-4eb8-beeb-f2265bcb5ace body.method=tools/list isInit=false
[2026-03-05T12:45:02.562Z] POST /mcp sessionId=de584ec5-6ce1-4eb8-beeb-f2265bcb5ace body.method=tools/list isInit=false
[2026-03-05T12:45:34.642Z] POST /mcp sessionId=de584ec5-6ce1-4eb8-beeb-f2265bcb5ace body.method=tools/list isInit=false
[2026-03-05T12:49:13.104Z] POST /mcp sessionId=de584ec5-6ce1-4eb8-beeb-f2265bcb5ace body.method=tools/list isInit=false
[2026-03-05T12:49:41.251Z] POST /mcp sessionId=de584ec5-6ce1-4eb8-beeb-f2265bcb5ace body.method=tools/list isInit=false
[2026-03-05T12:50:06.129Z] POST /mcp sessionId=de584ec5-6ce1-4eb8-beeb-f2265bcb5ace body.method=tools/list isInit=false
[2026-03-05T12:50:41.094Z] POST /mcp sessionId=de584ec5-6ce1-4eb8-beeb-f2265bcb5ace body.method=tools/list isInit=false
[2026-03-05T12:59:28.779Z] POST /mcp sessionId=de584ec5-6ce1-4eb8-beeb-f2265bcb5ace body.method=tools/list isInit=false
[2026-03-05T12:59:53.754Z] POST /mcp sessionId=de584ec5-6ce1-4eb8-beeb-f2265bcb5ace body.method=tools/list isInit=false
[2026-03-05T13:00:02.718Z] POST /mcp sessionId=de584ec5-6ce1-4eb8-beeb-f2265bcb5ace body.method=tools/list isInit=false
[2026-03-05T13:01:02.627Z] POST /mcp sessionId=de584ec5-6ce1-4eb8-beeb-f2265bcb5ace body.method=tools/list isInit=false
[2026-03-05T13:01:11.040Z] POST /mcp sessionId=de584ec5-6ce1-4eb8-beeb-f2265bcb5ace body.method=tools/list isInit=false
[2026-03-05T13:02:11.645Z] POST /mcp sessionId=de584ec5-6ce1-4eb8-beeb-f2265bcb5ace body.method=tools/list isInit=false
[2026-03-05T13:03:07.723Z] POST /mcp sessionId=de584ec5-6ce1-4eb8-beeb-f2265bcb5ace body.method=tools/list isInit=false
[2026-03-05T13:03:58.590Z] POST /mcp sessionId=de584ec5-6ce1-4eb8-beeb-f2265bcb5ace body.method=tools/list isInit=false
[2026-03-05T13:05:43.682Z] POST /mcp sessionId=de584ec5-6ce1-4eb8-beeb-f2265bcb5ace body.method=tools/list isInit=false
[2026-03-05T13:05:44.331Z] POST /mcp sessionId=de584ec5-6ce1-4eb8-beeb-f2265bcb5ace body.method=tools/list isInit=false
[2026-03-05T13:06:04.002Z] POST /mcp sessionId=de584ec5-6ce1-4eb8-beeb-f2265bcb5ace body.method=tools/list isInit=false
[2026-03-05T13:07:10.939Z] POST /mcp sessionId=de584ec5-6ce1-4eb8-beeb-f2265bcb5ace body.method=tools/list isInit=false
[2026-03-05T13:08:53.748Z] POST /mcp sessionId=de584ec5-6ce1-4eb8-beeb-f2265bcb5ace body.method=tools/list isInit=false
[2026-03-05T13:08:54.389Z] POST /mcp sessionId=de584ec5-6ce1-4eb8-beeb-f2265bcb5ace body.method=tools/list isInit=false
[2026-03-05T13:09:20.857Z] POST /mcp sessionId=de584ec5-6ce1-4eb8-beeb-f2265bcb5ace body.method=tools/list isInit=false
[2026-03-05T13:09:41.943Z] POST /mcp sessionId=de584ec5-6ce1-4eb8-beeb-f2265bcb5ace body.method=tools/list isInit=false
[2026-03-05T13:10:17.146Z] POST /mcp sessionId=de584ec5-6ce1-4eb8-beeb-f2265bcb5ace body.method=tools/list isInit=false
[2026-03-05T13:10:38.407Z] POST /mcp sessionId=de584ec5-6ce1-4eb8-beeb-f2265bcb5ace body.method=tools/list isInit=false
[2026-03-05T13:11:08.501Z] POST /mcp sessionId=de584ec5-6ce1-4eb8-beeb-f2265bcb5ace body.method=tools/list isInit=false
[2026-03-05T13:11:30.904Z] POST /mcp sessionId=de584ec5-6ce1-4eb8-beeb-f2265bcb5ace body.method=tools/list isInit=false
[2026-03-05T13:12:00.238Z] POST /mcp sessionId=de584ec5-6ce1-4eb8-beeb-f2265bcb5ace body.method=tools/list isInit=false
[2026-03-05T13:12:00.438Z] POST /mcp sessionId=de584ec5-6ce1-4eb8-beeb-f2265bcb5ace body.method=tools/list isInit=false
[2026-03-05T13:12:10.927Z] POST /mcp sessionId=de584ec5-6ce1-4eb8-beeb-f2265bcb5ace body.method=tools/list isInit=false
[2026-03-05T13:12:25.283Z] POST /mcp sessionId=de584ec5-6ce1-4eb8-beeb-f2265bcb5ace body.method=tools/list isInit=false
[2026-03-05T13:12:25.509Z] POST /mcp sessionId=de584ec5-6ce1-4eb8-beeb-f2265bcb5ace body.method=tools/list isInit=false
[2026-03-05T13:13:38.834Z] POST /mcp sessionId=de584ec5-6ce1-4eb8-beeb-f2265bcb5ace body.method=tools/list isInit=false
[2026-03-05T13:17:10.931Z] POST /mcp sessionId=de584ec5-6ce1-4eb8-beeb-f2265bcb5ace body.method=tools/list isInit=false
[2026-03-05T13:22:10.938Z] POST /mcp sessionId=de584ec5-6ce1-4eb8-beeb-f2265bcb5ace body.method=tools/list isInit=false
[2026-03-05T13:22:11.544Z] POST /mcp sessionId=de584ec5-6ce1-4eb8-beeb-f2265bcb5ace body.method=tools/list isInit=false
[2026-03-05T13:22:36.321Z] POST /mcp sessionId=de584ec5-6ce1-4eb8-beeb-f2265bcb5ace body.method=tools/list isInit=false
[2026-03-05T13:22:41.530Z] POST /mcp sessionId=de584ec5-6ce1-4eb8-beeb-f2265bcb5ace body.method=tools/list isInit=false
[2026-03-05T13:22:42.314Z] POST /mcp sessionId=de584ec5-6ce1-4eb8-beeb-f2265bcb5ace body.method=tools/list isInit=false
[2026-03-05T13:22:46.246Z] POST /mcp sessionId=de584ec5-6ce1-4eb8-beeb-f2265bcb5ace body.method=tools/list isInit=false
[2026-03-05T13:22:46.461Z] POST /mcp sessionId=de584ec5-6ce1-4eb8-beeb-f2265bcb5ace body.method=tools/list isInit=false
[2026-03-05T13:22:48.310Z] POST /mcp sessionId=de584ec5-6ce1-4eb8-beeb-f2265bcb5ace body.method=tools/list isInit=false
[2026-03-05T13:25:57.823Z] POST /mcp sessionId=de584ec5-6ce1-4eb8-beeb-f2265bcb5ace body.method=tools/list isInit=false
[2026-03-05T13:27:10.936Z] POST /mcp sessionId=de584ec5-6ce1-4eb8-beeb-f2265bcb5ace body.method=tools/list isInit=false
[2026-03-05T13:28:11.413Z] POST /mcp sessionId=de584ec5-6ce1-4eb8-beeb-f2265bcb5ace body.method=tools/list isInit=false
[2026-03-05T13:28:11.578Z] POST /mcp sessionId=de584ec5-6ce1-4eb8-beeb-f2265bcb5ace body.method=tools/list isInit=false
[2026-03-05T13:28:21.442Z] POST /mcp sessionId=3cc093f2-112c-4441-bcf2-b130b31a78c4 body.method=tools/list isInit=false
[2026-03-05T13:28:23.344Z] POST /mcp sessionId=de584ec5-6ce1-4eb8-beeb-f2265bcb5ace body.method=tools/list isInit=false
[2026-03-05T13:28:29.154Z] POST /mcp sessionId=3cc093f2-112c-4441-bcf2-b130b31a78c4 body.method=tools/list isInit=false
[2026-03-05T13:28:29.541Z] POST /mcp sessionId=3cc093f2-112c-4441-bcf2-b130b31a78c4 body.method=tools/list isInit=false
[2026-03-05T13:28:35.740Z] POST /mcp sessionId=de584ec5-6ce1-4eb8-beeb-f2265bcb5ace body.method=tools/list isInit=false
[2026-03-05T13:29:57.056Z] POST /mcp sessionId=de584ec5-6ce1-4eb8-beeb-f2265bcb5ace body.method=tools/list isInit=false
[2026-03-05T13:30:41.566Z] POST /mcp sessionId=de584ec5-6ce1-4eb8-beeb-f2265bcb5ace body.method=tools/list isInit=false
[2026-03-05T13:32:10.943Z] POST /mcp sessionId=de584ec5-6ce1-4eb8-beeb-f2265bcb5ace body.method=tools/list isInit=false
[2026-03-05T13:33:35.262Z] POST /mcp sessionId=3cc093f2-112c-4441-bcf2-b130b31a78c4 body.method=tools/list isInit=false
[2026-03-05T13:34:56.190Z] POST /mcp sessionId=de584ec5-6ce1-4eb8-beeb-f2265bcb5ace body.method=tools/list isInit=false
[2026-03-05T13:35:05.852Z] POST /mcp sessionId=de584ec5-6ce1-4eb8-beeb-f2265bcb5ace body.method=tools/list isInit=false
[2026-03-05T13:35:42.739Z] POST /mcp sessionId=de584ec5-6ce1-4eb8-beeb-f2265bcb5ace body.method=tools/list isInit=false
[2026-03-05T13:37:10.969Z] POST /mcp sessionId=de584ec5-6ce1-4eb8-beeb-f2265bcb5ace body.method=tools/list isInit=false
[2026-03-05T13:39:02.125Z] POST /mcp sessionId=de584ec5-6ce1-4eb8-beeb-f2265bcb5ace body.method=tools/list isInit=false
[2026-03-05T13:39:02.629Z] POST /mcp sessionId=de584ec5-6ce1-4eb8-beeb-f2265bcb5ace body.method=tools/list isInit=false
[2026-03-05T13:39:54.261Z] POST /mcp sessionId=de584ec5-6ce1-4eb8-beeb-f2265bcb5ace body.method=tools/list isInit=false
[2026-03-05T13:41:49.855Z] POST /mcp sessionId=de584ec5-6ce1-4eb8-beeb-f2265bcb5ace body.method=tools/call isInit=false
[2026-03-05T13:41:56.052Z] POST /mcp sessionId=de584ec5-6ce1-4eb8-beeb-f2265bcb5ace body.method=tools/list isInit=false
[2026-03-05T13:42:10.929Z] POST /mcp sessionId=de584ec5-6ce1-4eb8-beeb-f2265bcb5ace body.method=tools/list isInit=false
[2026-03-05T13:46:01.876Z] POST /mcp sessionId=de584ec5-6ce1-4eb8-beeb-f2265bcb5ace body.method=tools/list isInit=false
[2026-03-05T13:46:02.384Z] POST /mcp sessionId=de584ec5-6ce1-4eb8-beeb-f2265bcb5ace body.method=tools/list isInit=false
[2026-03-05T13:47:10.921Z] POST /mcp sessionId=de584ec5-6ce1-4eb8-beeb-f2265bcb5ace body.method=tools/list isInit=false
[2026-03-05T13:48:19.305Z] POST /mcp sessionId=3cc093f2-112c-4441-bcf2-b130b31a78c4 body.method=tools/list isInit=false
[2026-03-05T13:50:03.429Z] POST /mcp sessionId=de584ec5-6ce1-4eb8-beeb-f2265bcb5ace body.method=tools/list isInit=false
[2026-03-05T13:50:04.092Z] POST /mcp sessionId=de584ec5-6ce1-4eb8-beeb-f2265bcb5ace body.method=tools/list isInit=false
[2026-03-05T13:50:04.805Z] POST /mcp sessionId=de584ec5-6ce1-4eb8-beeb-f2265bcb5ace body.method=tools/list isInit=false
[2026-03-05T13:50:08.788Z] POST /mcp sessionId=de584ec5-6ce1-4eb8-beeb-f2265bcb5ace body.method=tools/list isInit=false
[2026-03-05T13:52:10.939Z] POST /mcp sessionId=de584ec5-6ce1-4eb8-beeb-f2265bcb5ace body.method=tools/list isInit=false
[2026-03-05T13:57:10.917Z] POST /mcp sessionId=de584ec5-6ce1-4eb8-beeb-f2265bcb5ace body.method=tools/list isInit=false
[2026-03-05T13:57:48.759Z] POST /mcp sessionId=de584ec5-6ce1-4eb8-beeb-f2265bcb5ace body.method=tools/list isInit=false
[2026-03-05T13:57:49.031Z] POST /mcp sessionId=de584ec5-6ce1-4eb8-beeb-f2265bcb5ace body.method=tools/list isInit=false
[2026-03-05T13:59:07.220Z] POST /mcp sessionId=3cc093f2-112c-4441-bcf2-b130b31a78c4 body.method=tools/list isInit=false
[2026-03-05T13:59:34.565Z] POST /mcp sessionId=3cc093f2-112c-4441-bcf2-b130b31a78c4 body.method=tools/list isInit=false
[2026-03-05T14:00:20.164Z] POST /mcp sessionId=3cc093f2-112c-4441-bcf2-b130b31a78c4 body.method=tools/list isInit=false
[2026-03-05T14:01:08.553Z] POST /mcp sessionId=3cc093f2-112c-4441-bcf2-b130b31a78c4 body.method=tools/list isInit=false
[2026-03-05T14:01:17.029Z] POST /mcp sessionId=3cc093f2-112c-4441-bcf2-b130b31a78c4 body.method=tools/list isInit=false
[2026-03-05T14:02:00.775Z] POST /mcp sessionId=3cc093f2-112c-4441-bcf2-b130b31a78c4 body.method=tools/list isInit=false
[2026-03-05T14:02:11.074Z] POST /mcp sessionId=de584ec5-6ce1-4eb8-beeb-f2265bcb5ace body.method=tools/list isInit=false
[2026-03-05T14:02:54.192Z] POST /mcp sessionId=3cc093f2-112c-4441-bcf2-b130b31a78c4 body.method=tools/list isInit=false
[2026-03-05T14:05:04.492Z] POST /mcp sessionId=3cc093f2-112c-4441-bcf2-b130b31a78c4 body.method=tools/list isInit=false
[2026-03-05T14:06:14.350Z] POST /mcp sessionId=3cc093f2-112c-4441-bcf2-b130b31a78c4 body.method=tools/list isInit=false
[2026-03-05T14:06:30.660Z] POST /mcp sessionId=3cc093f2-112c-4441-bcf2-b130b31a78c4 body.method=tools/list isInit=false
[2026-03-05T14:29:29.661Z] POST /mcp sessionId=3cc093f2-112c-4441-bcf2-b130b31a78c4 body.method=tools/list isInit=false
[2026-03-05T14:29:36.200Z] POST /mcp sessionId=3cc093f2-112c-4441-bcf2-b130b31a78c4 body.method=tools/list isInit=false
[2026-03-05T14:30:25.792Z] POST /mcp sessionId=3cc093f2-112c-4441-bcf2-b130b31a78c4 body.method=tools/list isInit=false
[2026-03-05T14:30:30.910Z] POST /mcp sessionId=3cc093f2-112c-4441-bcf2-b130b31a78c4 body.method=tools/list isInit=false
[2026-03-05T14:33:25.206Z] POST /mcp sessionId=3cc093f2-112c-4441-bcf2-b130b31a78c4 body.method=tools/list isInit=false
[2026-03-05T14:33:34.120Z] POST /mcp sessionId=3cc093f2-112c-4441-bcf2-b130b31a78c4 body.method=tools/list isInit=false
[2026-03-05T14:34:28.516Z] POST /mcp sessionId=3cc093f2-112c-4441-bcf2-b130b31a78c4 body.method=tools/list isInit=false
[2026-03-05T14:34:38.888Z] POST /mcp sessionId=3cc093f2-112c-4441-bcf2-b130b31a78c4 body.method=tools/list isInit=false
[2026-03-05T14:35:23.357Z] POST /mcp sessionId=3cc093f2-112c-4441-bcf2-b130b31a78c4 body.method=tools/list isInit=false
[2026-03-05T14:36:37.605Z] POST /mcp sessionId=(nenhum) body.method=initialize isInit=true
[2026-03-05T14:36:37.880Z] nova sessão 88084070-c63c-43e5-a605-c1925248013e (initialize)
[2026-03-05T14:36:40.031Z] POST /mcp sessionId=88084070-c63c-43e5-a605-c1925248013e body.method=notifications/initialized isInit=false
[2026-03-05T14:37:07.495Z] POST /mcp sessionId=88084070-c63c-43e5-a605-c1925248013e body.method=tools/list isInit=false
[2026-03-05T14:37:07.673Z] POST /mcp sessionId=88084070-c63c-43e5-a605-c1925248013e body.method=tools/list isInit=false
[2026-03-05T14:40:09.343Z] POST /mcp sessionId=88084070-c63c-43e5-a605-c1925248013e body.method=tools/list isInit=false
[2026-03-05T14:40:25.524Z] POST /mcp sessionId=88084070-c63c-43e5-a605-c1925248013e body.method=tools/list isInit=false
[2026-03-05T14:44:11.486Z] POST /mcp sessionId=88084070-c63c-43e5-a605-c1925248013e body.method=tools/list isInit=false
[2026-03-05T14:44:37.382Z] POST /mcp sessionId=88084070-c63c-43e5-a605-c1925248013e body.method=tools/list isInit=false
[2026-03-05T14:45:56.905Z] POST /mcp sessionId=88084070-c63c-43e5-a605-c1925248013e body.method=tools/list isInit=false
[2026-03-05T14:46:44.085Z] POST /mcp sessionId=88084070-c63c-43e5-a605-c1925248013e body.method=tools/list isInit=false
[2026-03-05T14:48:03.280Z] POST /mcp sessionId=88084070-c63c-43e5-a605-c1925248013e body.method=tools/list isInit=false
[2026-03-05T14:50:33.152Z] POST /mcp sessionId=88084070-c63c-43e5-a605-c1925248013e body.method=tools/list isInit=false
[2026-03-05T14:50:40.883Z] POST /mcp sessionId=88084070-c63c-43e5-a605-c1925248013e body.method=tools/list isInit=false
[2026-03-05T14:51:37.843Z] POST /mcp sessionId=88084070-c63c-43e5-a605-c1925248013e body.method=tools/list isInit=false
[2026-03-05T14:52:10.618Z] POST /mcp sessionId=88084070-c63c-43e5-a605-c1925248013e body.method=tools/list isInit=false
[2026-03-05T14:52:58.138Z] POST /mcp sessionId=88084070-c63c-43e5-a605-c1925248013e body.method=tools/list isInit=false
[2026-03-05T14:53:22.638Z] POST /mcp sessionId=88084070-c63c-43e5-a605-c1925248013e body.method=tools/list isInit=false
[2026-03-05T14:53:29.740Z] POST /mcp sessionId=88084070-c63c-43e5-a605-c1925248013e body.method=tools/list isInit=false
[2026-03-05T14:54:33.346Z] POST /mcp sessionId=88084070-c63c-43e5-a605-c1925248013e body.method=tools/list isInit=false
[2026-03-05T14:55:34.279Z] POST /mcp sessionId=88084070-c63c-43e5-a605-c1925248013e body.method=tools/list isInit=false
[2026-03-05T14:56:05.377Z] POST /mcp sessionId=88084070-c63c-43e5-a605-c1925248013e body.method=tools/list isInit=false
[2026-03-05T14:57:09.722Z] POST /mcp sessionId=88084070-c63c-43e5-a605-c1925248013e body.method=tools/list isInit=false
[2026-03-05T14:57:53.472Z] POST /mcp sessionId=88084070-c63c-43e5-a605-c1925248013e body.method=tools/list isInit=false
[2026-03-05T14:59:17.612Z] POST /mcp sessionId=88084070-c63c-43e5-a605-c1925248013e body.method=tools/list isInit=false
[2026-03-05T14:59:56.209Z] POST /mcp sessionId=88084070-c63c-43e5-a605-c1925248013e body.method=tools/list isInit=false
[2026-03-05T15:00:02.356Z] POST /mcp sessionId=88084070-c63c-43e5-a605-c1925248013e body.method=tools/list isInit=false
[2026-03-05T15:02:24.526Z] POST /mcp sessionId=88084070-c63c-43e5-a605-c1925248013e body.method=tools/list isInit=false
[2026-03-05T15:03:17.795Z] POST /mcp sessionId=88084070-c63c-43e5-a605-c1925248013e body.method=tools/list isInit=false
[2026-03-05T15:09:38.312Z] POST /mcp sessionId=88084070-c63c-43e5-a605-c1925248013e body.method=tools/list isInit=false
[2026-03-05T15:13:08.379Z] POST /mcp sessionId=88084070-c63c-43e5-a605-c1925248013e body.method=tools/list isInit=false
[2026-03-05T15:14:28.028Z] POST /mcp sessionId=88084070-c63c-43e5-a605-c1925248013e body.method=tools/list isInit=false
[2026-03-05T15:18:27.508Z] POST /mcp sessionId=3cc093f2-112c-4441-bcf2-b130b31a78c4 body.method=tools/list isInit=false
[2026-03-05T15:18:34.977Z] POST /mcp sessionId=3cc093f2-112c-4441-bcf2-b130b31a78c4 body.method=tools/list isInit=false
[2026-03-05T15:18:53.145Z] POST /mcp sessionId=3cc093f2-112c-4441-bcf2-b130b31a78c4 body.method=tools/list isInit=false
[2026-03-05T15:18:54.528Z] POST /mcp sessionId=88084070-c63c-43e5-a605-c1925248013e body.method=tools/list isInit=false
[2026-03-05T15:19:34.369Z] POST /mcp sessionId=3cc093f2-112c-4441-bcf2-b130b31a78c4 body.method=tools/list isInit=false
[2026-03-05T15:20:45.029Z] POST /mcp sessionId=3cc093f2-112c-4441-bcf2-b130b31a78c4 body.method=tools/list isInit=false
[2026-03-05T15:22:10.246Z] POST /mcp sessionId=3cc093f2-112c-4441-bcf2-b130b31a78c4 body.method=tools/list isInit=false
[2026-03-05T15:22:18.050Z] POST /mcp sessionId=88084070-c63c-43e5-a605-c1925248013e body.method=tools/list isInit=false
[2026-03-05T15:29:19.359Z] POST /mcp sessionId=88084070-c63c-43e5-a605-c1925248013e body.method=tools/list isInit=false
[2026-03-05T15:30:21.689Z] POST /mcp sessionId=88084070-c63c-43e5-a605-c1925248013e body.method=tools/list isInit=false
[2026-03-05T15:30:45.168Z] POST /mcp sessionId=88084070-c63c-43e5-a605-c1925248013e body.method=tools/list isInit=false
[2026-03-05T15:32:40.734Z] POST /mcp sessionId=88084070-c63c-43e5-a605-c1925248013e body.method=tools/list isInit=false
[2026-03-05T15:33:00.572Z] POST /mcp sessionId=88084070-c63c-43e5-a605-c1925248013e body.method=tools/list isInit=false
[2026-03-05T15:33:54.860Z] POST /mcp sessionId=88084070-c63c-43e5-a605-c1925248013e body.method=tools/list isInit=false
[2026-03-05T15:34:06.242Z] POST /mcp sessionId=3cc093f2-112c-4441-bcf2-b130b31a78c4 body.method=tools/list isInit=false
[2026-03-05T15:40:33.823Z] POST /mcp sessionId=3cc093f2-112c-4441-bcf2-b130b31a78c4 body.method=tools/list isInit=false
[2026-03-05T15:47:41.783Z] POST /mcp sessionId=3cc093f2-112c-4441-bcf2-b130b31a78c4 body.method=tools/list isInit=false
[2026-03-05T15:49:18.579Z] POST /mcp sessionId=88084070-c63c-43e5-a605-c1925248013e body.method=tools/list isInit=false
[2026-03-05T15:49:22.778Z] POST /mcp sessionId=88084070-c63c-43e5-a605-c1925248013e body.method=tools/list isInit=false
[2026-03-05T15:49:23.065Z] POST /mcp sessionId=3cc093f2-112c-4441-bcf2-b130b31a78c4 body.method=tools/list isInit=false
[2026-03-05T15:59:07.382Z] POST /mcp sessionId=88084070-c63c-43e5-a605-c1925248013e body.method=tools/list isInit=false
[2026-03-05T15:59:12.724Z] POST /mcp sessionId=3cc093f2-112c-4441-bcf2-b130b31a78c4 body.method=tools/list isInit=false
[2026-03-05T16:03:56.144Z] POST /mcp sessionId=3cc093f2-112c-4441-bcf2-b130b31a78c4 body.method=tools/list isInit=false
[2026-03-05T16:03:57.130Z] POST /mcp sessionId=3cc093f2-112c-4441-bcf2-b130b31a78c4 body.method=tools/list isInit=false
[2026-03-05T16:03:58.085Z] POST /mcp sessionId=3cc093f2-112c-4441-bcf2-b130b31a78c4 body.method=tools/list isInit=false
[2026-03-05T16:04:32.379Z] POST /mcp sessionId=3cc093f2-112c-4441-bcf2-b130b31a78c4 body.method=tools/list isInit=false
[2026-03-05T16:04:33.563Z] POST /mcp sessionId=3cc093f2-112c-4441-bcf2-b130b31a78c4 body.method=tools/list isInit=false
[2026-03-05T16:05:37.144Z] POST /mcp sessionId=3cc093f2-112c-4441-bcf2-b130b31a78c4 body.method=tools/list isInit=false
[2026-03-05T16:05:37.306Z] POST /mcp sessionId=3cc093f2-112c-4441-bcf2-b130b31a78c4 body.method=tools/list isInit=false
[2026-03-05T16:05:59.692Z] POST /mcp sessionId=3cc093f2-112c-4441-bcf2-b130b31a78c4 body.method=tools/list isInit=false
[2026-03-05T16:07:23.082Z] POST /mcp sessionId=3cc093f2-112c-4441-bcf2-b130b31a78c4 body.method=tools/list isInit=false
[2026-03-05T16:08:45.674Z] POST /mcp sessionId=3cc093f2-112c-4441-bcf2-b130b31a78c4 body.method=tools/list isInit=false
[2026-03-05T16:10:24.081Z] POST /mcp sessionId=3cc093f2-112c-4441-bcf2-b130b31a78c4 body.method=tools/call isInit=false
[2026-03-05T16:11:37.908Z] POST /mcp sessionId=3cc093f2-112c-4441-bcf2-b130b31a78c4 body.method=tools/list isInit=false
[2026-03-05T16:12:15.666Z] POST /mcp sessionId=3cc093f2-112c-4441-bcf2-b130b31a78c4 body.method=tools/list isInit=false
[2026-03-05T16:12:20.992Z] POST /mcp sessionId=3cc093f2-112c-4441-bcf2-b130b31a78c4 body.method=tools/list isInit=false
[2026-03-05T16:12:30.912Z] POST /mcp sessionId=3cc093f2-112c-4441-bcf2-b130b31a78c4 body.method=tools/list isInit=false
[2026-03-05T16:13:18.469Z] POST /mcp sessionId=3cc093f2-112c-4441-bcf2-b130b31a78c4 body.method=tools/list isInit=false
[2026-03-05T16:16:06.584Z] POST /mcp sessionId=3cc093f2-112c-4441-bcf2-b130b31a78c4 body.method=tools/list isInit=false
[2026-03-05T16:16:10.578Z] POST /mcp sessionId=3cc093f2-112c-4441-bcf2-b130b31a78c4 body.method=tools/call isInit=false
[2026-03-05T16:16:21.290Z] POST /mcp sessionId=3cc093f2-112c-4441-bcf2-b130b31a78c4 body.method=tools/call isInit=false
[2026-03-05T16:17:56.438Z] POST /mcp sessionId=3cc093f2-112c-4441-bcf2-b130b31a78c4 body.method=tools/list isInit=false
[2026-03-05T16:17:56.929Z] POST /mcp sessionId=3cc093f2-112c-4441-bcf2-b130b31a78c4 body.method=tools/list isInit=false
[2026-03-05T16:18:09.674Z] POST /mcp sessionId=3cc093f2-112c-4441-bcf2-b130b31a78c4 body.method=tools/list isInit=false
[2026-03-05T16:18:09.850Z] POST /mcp sessionId=3cc093f2-112c-4441-bcf2-b130b31a78c4 body.method=tools/list isInit=false
[2026-03-05T16:18:58.244Z] POST /mcp sessionId=3cc093f2-112c-4441-bcf2-b130b31a78c4 body.method=tools/list isInit=false
[2026-03-05T16:18:58.418Z] POST /mcp sessionId=3cc093f2-112c-4441-bcf2-b130b31a78c4 body.method=tools/list isInit=false
[2026-03-05T16:19:33.605Z] POST /mcp sessionId=3cc093f2-112c-4441-bcf2-b130b31a78c4 body.method=tools/list isInit=false
[2026-03-05T16:20:36.909Z] POST /mcp sessionId=3cc093f2-112c-4441-bcf2-b130b31a78c4 body.method=tools/list isInit=false
[2026-03-05T16:20:37.158Z] POST /mcp sessionId=3cc093f2-112c-4441-bcf2-b130b31a78c4 body.method=tools/list isInit=false
[2026-03-05T16:20:44.441Z] POST /mcp sessionId=3cc093f2-112c-4441-bcf2-b130b31a78c4 body.method=tools/list isInit=false
[2026-03-05T16:20:44.629Z] POST /mcp sessionId=3cc093f2-112c-4441-bcf2-b130b31a78c4 body.method=tools/list isInit=false
[2026-03-05T16:21:20.038Z] POST /mcp sessionId=3cc093f2-112c-4441-bcf2-b130b31a78c4 body.method=tools/list isInit=false
[2026-03-05T16:21:20.355Z] POST /mcp sessionId=3cc093f2-112c-4441-bcf2-b130b31a78c4 body.method=tools/list isInit=false
[2026-03-05T16:24:33.500Z] POST /mcp sessionId=3cc093f2-112c-4441-bcf2-b130b31a78c4 body.method=tools/list isInit=false
[2026-03-05T16:24:34.389Z] POST /mcp sessionId=3cc093f2-112c-4441-bcf2-b130b31a78c4 body.method=tools/list isInit=false
[2026-03-05T16:24:34.881Z] POST /mcp sessionId=3cc093f2-112c-4441-bcf2-b130b31a78c4 body.method=tools/list isInit=false
[2026-03-05T16:25:44.392Z] POST /mcp sessionId=3cc093f2-112c-4441-bcf2-b130b31a78c4 body.method=tools/list isInit=false
[2026-03-05T16:25:44.579Z] POST /mcp sessionId=3cc093f2-112c-4441-bcf2-b130b31a78c4 body.method=tools/list isInit=false
[2026-03-05T16:26:11.860Z] POST /mcp sessionId=3cc093f2-112c-4441-bcf2-b130b31a78c4 body.method=tools/list isInit=false
[2026-03-05T16:26:12.205Z] POST /mcp sessionId=3cc093f2-112c-4441-bcf2-b130b31a78c4 body.method=tools/list isInit=false
[2026-03-05T16:27:03.060Z] POST /mcp sessionId=3cc093f2-112c-4441-bcf2-b130b31a78c4 body.method=tools/call isInit=false
[2026-03-05T16:27:24.988Z] POST /mcp sessionId=3cc093f2-112c-4441-bcf2-b130b31a78c4 body.method=tools/call isInit=false
[2026-03-05T16:29:01.103Z] POST /mcp sessionId=(nenhum) body.method=initialize isInit=true
[2026-03-05T16:29:01.110Z] nova sessão 9abd0058-0ad4-45dc-9eca-c855aed5b8c4 (initialize)
[2026-03-05T16:29:01.160Z] POST /mcp sessionId=9abd0058-0ad4-45dc-9eca-c855aed5b8c4 body.method=notifications/initialized isInit=false
[2026-03-05T16:29:01.203Z] POST /mcp sessionId=9abd0058-0ad4-45dc-9eca-c855aed5b8c4 body.method=tools/list isInit=false
[2026-03-05T16:29:01.400Z] POST /mcp sessionId=9abd0058-0ad4-45dc-9eca-c855aed5b8c4 body.method=tools/list isInit=false
[2026-03-05T16:29:33.493Z] POST /mcp sessionId=9abd0058-0ad4-45dc-9eca-c855aed5b8c4 body.method=tools/list isInit=false
[2026-03-05T16:30:22.901Z] POST /mcp sessionId=(nenhum) body.method=initialize isInit=true
[2026-03-05T16:30:22.903Z] nova sessão 41e6d39c-13c1-4e6b-ad2b-8ee450e2bf2d (initialize)
[2026-03-05T16:30:22.919Z] POST /mcp sessionId=41e6d39c-13c1-4e6b-ad2b-8ee450e2bf2d body.method=notifications/initialized isInit=false
[2026-03-05T16:30:22.965Z] POST /mcp sessionId=41e6d39c-13c1-4e6b-ad2b-8ee450e2bf2d body.method=tools/list isInit=false
[2026-03-05T16:30:23.192Z] POST /mcp sessionId=41e6d39c-13c1-4e6b-ad2b-8ee450e2bf2d body.method=tools/list isInit=false
[2026-03-05T16:36:14.976Z] POST /mcp sessionId=(nenhum) body.method=initialize isInit=true
[2026-03-05T16:36:14.982Z] nova sessão c5db0ab4-a328-412a-aadf-535214d0933f (initialize)
[2026-03-05T16:36:15.011Z] POST /mcp sessionId=c5db0ab4-a328-412a-aadf-535214d0933f body.method=notifications/initialized isInit=false
[2026-03-05T16:36:15.066Z] POST /mcp sessionId=c5db0ab4-a328-412a-aadf-535214d0933f body.method=tools/list isInit=false
[2026-03-05T16:36:27.647Z] POST /mcp sessionId=(nenhum) body.method=initialize isInit=true
[2026-03-05T16:36:27.648Z] nova sessão 256ea5f3-6ba0-4078-a070-0ab7c413c86f (initialize)
[2026-03-05T16:36:27.659Z] POST /mcp sessionId=256ea5f3-6ba0-4078-a070-0ab7c413c86f body.method=notifications/initialized isInit=false
[2026-03-05T16:36:27.697Z] POST /mcp sessionId=256ea5f3-6ba0-4078-a070-0ab7c413c86f body.method=tools/list isInit=false
[2026-03-05T16:36:27.876Z] POST /mcp sessionId=256ea5f3-6ba0-4078-a070-0ab7c413c86f body.method=tools/list isInit=false
[2026-03-05T16:37:08.888Z] POST /mcp sessionId=(nenhum) body.method=initialize isInit=true
[2026-03-05T16:37:08.890Z] nova sessão 23bbea64-75bd-4c67-9b1b-d53ed95d835d (initialize)
[2026-03-05T16:37:08.903Z] POST /mcp sessionId=23bbea64-75bd-4c67-9b1b-d53ed95d835d body.method=notifications/initialized isInit=false
[2026-03-05T16:37:08.989Z] POST /mcp sessionId=23bbea64-75bd-4c67-9b1b-d53ed95d835d body.method=tools/list isInit=false
[2026-03-05T16:37:09.163Z] POST /mcp sessionId=23bbea64-75bd-4c67-9b1b-d53ed95d835d body.method=tools/list isInit=false
[2026-03-05T16:37:44.919Z] POST /mcp sessionId=23bbea64-75bd-4c67-9b1b-d53ed95d835d body.method=tools/list isInit=false
[2026-03-05T16:38:39.267Z] POST /mcp sessionId=23bbea64-75bd-4c67-9b1b-d53ed95d835d body.method=tools/list isInit=false
[2026-03-05T16:38:39.456Z] POST /mcp sessionId=23bbea64-75bd-4c67-9b1b-d53ed95d835d body.method=tools/list isInit=false
[2026-03-05T16:39:51.090Z] POST /mcp sessionId=23bbea64-75bd-4c67-9b1b-d53ed95d835d body.method=tools/list isInit=false
[2026-03-05T16:39:51.317Z] POST /mcp sessionId=23bbea64-75bd-4c67-9b1b-d53ed95d835d body.method=tools/list isInit=false
[2026-03-05T16:40:28.726Z] POST /mcp sessionId=23bbea64-75bd-4c67-9b1b-d53ed95d835d body.method=tools/list isInit=false
[2026-03-05T16:40:28.959Z] POST /mcp sessionId=23bbea64-75bd-4c67-9b1b-d53ed95d835d body.method=tools/list isInit=false
[2026-03-05T16:40:39.688Z] POST /mcp sessionId=23bbea64-75bd-4c67-9b1b-d53ed95d835d body.method=tools/list isInit=false
[2026-03-05T16:40:39.874Z] POST /mcp sessionId=23bbea64-75bd-4c67-9b1b-d53ed95d835d body.method=tools/list isInit=false
[2026-03-05T16:40:51.787Z] POST /mcp sessionId=23bbea64-75bd-4c67-9b1b-d53ed95d835d body.method=tools/list isInit=false
[2026-03-05T16:40:52.149Z] POST /mcp sessionId=23bbea64-75bd-4c67-9b1b-d53ed95d835d body.method=tools/list isInit=false
[2026-03-05T16:41:33.019Z] POST /mcp sessionId=(nenhum) body.method=initialize isInit=true
[2026-03-05T16:41:33.026Z] nova sessão 312f42d6-4448-4a0e-b9f5-7d0241157735 (initialize)
[2026-03-05T16:41:33.053Z] POST /mcp sessionId=312f42d6-4448-4a0e-b9f5-7d0241157735 body.method=notifications/initialized isInit=false
[2026-03-05T16:41:33.081Z] POST /mcp sessionId=312f42d6-4448-4a0e-b9f5-7d0241157735 body.method=tools/list isInit=false
[2026-03-05T16:41:33.269Z] POST /mcp sessionId=312f42d6-4448-4a0e-b9f5-7d0241157735 body.method=tools/list isInit=false
[2026-03-05T16:42:32.709Z] POST /mcp sessionId=312f42d6-4448-4a0e-b9f5-7d0241157735 body.method=tools/call isInit=false
[2026-03-05T16:42:44.920Z] POST /mcp sessionId=312f42d6-4448-4a0e-b9f5-7d0241157735 body.method=tools/list isInit=false
[2026-03-05T16:44:13.335Z] POST /mcp sessionId=312f42d6-4448-4a0e-b9f5-7d0241157735 body.method=tools/list isInit=false
[2026-03-05T16:44:20.462Z] POST /mcp sessionId=312f42d6-4448-4a0e-b9f5-7d0241157735 body.method=tools/list isInit=false
[2026-03-05T16:45:30.747Z] POST /mcp sessionId=312f42d6-4448-4a0e-b9f5-7d0241157735 body.method=tools/list isInit=false
[2026-03-05T16:45:30.929Z] POST /mcp sessionId=312f42d6-4448-4a0e-b9f5-7d0241157735 body.method=tools/list isInit=false
[2026-03-05T16:47:45.047Z] POST /mcp sessionId=312f42d6-4448-4a0e-b9f5-7d0241157735 body.method=tools/list isInit=false
[2026-03-05T16:47:48.210Z] POST /mcp sessionId=312f42d6-4448-4a0e-b9f5-7d0241157735 body.method=tools/list isInit=false
[2026-03-05T16:47:48.425Z] POST /mcp sessionId=312f42d6-4448-4a0e-b9f5-7d0241157735 body.method=tools/list isInit=false
[2026-03-05T16:48:23.163Z] POST /mcp sessionId=312f42d6-4448-4a0e-b9f5-7d0241157735 body.method=tools/call isInit=false
[2026-03-05T16:48:51.872Z] POST /mcp sessionId=(nenhum) body.method=initialize isInit=true
[2026-03-05T16:48:51.881Z] nova sessão 5db3c6fd-ec17-4fed-856b-4135bcfcd203 (initialize)
[2026-03-05T16:48:51.904Z] POST /mcp sessionId=5db3c6fd-ec17-4fed-856b-4135bcfcd203 body.method=notifications/initialized isInit=false
[2026-03-05T16:48:51.951Z] POST /mcp sessionId=5db3c6fd-ec17-4fed-856b-4135bcfcd203 body.method=tools/list isInit=false
[2026-03-05T16:48:52.136Z] POST /mcp sessionId=5db3c6fd-ec17-4fed-856b-4135bcfcd203 body.method=tools/list isInit=false
[2026-03-05T16:49:18.848Z] POST /mcp sessionId=5db3c6fd-ec17-4fed-856b-4135bcfcd203 body.method=tools/call isInit=false
[2026-03-05T16:49:41.625Z] POST /mcp sessionId=5db3c6fd-ec17-4fed-856b-4135bcfcd203 body.method=tools/list isInit=false
[2026-03-05T16:50:16.580Z] POST /mcp sessionId=5db3c6fd-ec17-4fed-856b-4135bcfcd203 body.method=tools/list isInit=false
[2026-03-05T16:52:44.928Z] POST /mcp sessionId=5db3c6fd-ec17-4fed-856b-4135bcfcd203 body.method=tools/list isInit=false
[2026-03-05T16:55:52.186Z] POST /mcp sessionId=5db3c6fd-ec17-4fed-856b-4135bcfcd203 body.method=tools/list isInit=false
[2026-03-05T16:55:52.686Z] POST /mcp sessionId=5db3c6fd-ec17-4fed-856b-4135bcfcd203 body.method=tools/list isInit=false
[2026-03-05T16:57:45.698Z] POST /mcp sessionId=5db3c6fd-ec17-4fed-856b-4135bcfcd203 body.method=tools/list isInit=false
[2026-03-05T17:02:45.765Z] POST /mcp sessionId=5db3c6fd-ec17-4fed-856b-4135bcfcd203 body.method=tools/list isInit=false
[2026-03-05T17:08:07.959Z] POST /mcp sessionId=5db3c6fd-ec17-4fed-856b-4135bcfcd203 body.method=tools/list isInit=false
[2026-03-05T17:12:21.590Z] POST /mcp sessionId=5db3c6fd-ec17-4fed-856b-4135bcfcd203 body.method=tools/list isInit=false
[2026-03-05T17:12:23.241Z] POST /mcp sessionId=5db3c6fd-ec17-4fed-856b-4135bcfcd203 body.method=tools/list isInit=false
[2026-03-05T17:13:50.834Z] POST /mcp sessionId=5db3c6fd-ec17-4fed-856b-4135bcfcd203 body.method=tools/list isInit=false
[2026-03-05T17:14:30.045Z] POST /mcp sessionId=5db3c6fd-ec17-4fed-856b-4135bcfcd203 body.method=tools/list isInit=false
[2026-03-05T17:14:36.289Z] POST /mcp sessionId=5db3c6fd-ec17-4fed-856b-4135bcfcd203 body.method=tools/list isInit=false
[2026-03-05T17:15:09.576Z] POST /mcp sessionId=(nenhum) body.method=initialize isInit=true
[2026-03-05T17:15:09.592Z] nova sessão 3b16bff8-38b0-4536-8e6a-3d705dcfd1de (initialize)
[2026-03-05T17:15:09.696Z] POST /mcp sessionId=3b16bff8-38b0-4536-8e6a-3d705dcfd1de body.method=notifications/initialized isInit=false
[2026-03-05T17:15:09.868Z] POST /mcp sessionId=3b16bff8-38b0-4536-8e6a-3d705dcfd1de body.method=tools/list isInit=false
[2026-03-05T17:15:52.275Z] POST /mcp sessionId=3b16bff8-38b0-4536-8e6a-3d705dcfd1de body.method=tools/list isInit=false
[2026-03-05T17:17:01.196Z] POST /mcp sessionId=3b16bff8-38b0-4536-8e6a-3d705dcfd1de body.method=tools/call isInit=false
[2026-03-05T17:17:06.847Z] POST /mcp sessionId=3b16bff8-38b0-4536-8e6a-3d705dcfd1de body.method=tools/list isInit=false
[2026-03-05T17:17:07.117Z] POST /mcp sessionId=3b16bff8-38b0-4536-8e6a-3d705dcfd1de body.method=tools/list isInit=false
[2026-03-05T17:17:45.711Z] POST /mcp sessionId=3b16bff8-38b0-4536-8e6a-3d705dcfd1de body.method=tools/list isInit=false
[2026-03-05T17:21:10.916Z] POST /mcp sessionId=(nenhum) body.method=initialize isInit=true
[2026-03-05T17:21:10.924Z] nova sessão 09b64f32-c411-43b4-b1c5-064f378a9ba6 (initialize)
[2026-03-05T17:21:11.024Z] POST /mcp sessionId=09b64f32-c411-43b4-b1c5-064f378a9ba6 body.method=notifications/initialized isInit=false
[2026-03-05T17:21:11.331Z] POST /mcp sessionId=09b64f32-c411-43b4-b1c5-064f378a9ba6 body.method=tools/list isInit=false
[2026-03-05T17:21:11.934Z] POST /mcp sessionId=09b64f32-c411-43b4-b1c5-064f378a9ba6 body.method=tools/list isInit=false
[2026-03-05T17:21:12.220Z] POST /mcp sessionId=3b16bff8-38b0-4536-8e6a-3d705dcfd1de body.method=tools/list isInit=false
[2026-03-05T17:21:12.447Z] POST /mcp sessionId=3b16bff8-38b0-4536-8e6a-3d705dcfd1de body.method=tools/list isInit=false
[2026-03-05T17:21:20.614Z] POST /mcp sessionId=09b64f32-c411-43b4-b1c5-064f378a9ba6 body.method=tools/list isInit=false
[2026-03-05T17:21:26.777Z] POST /mcp sessionId=3b16bff8-38b0-4536-8e6a-3d705dcfd1de body.method=tools/list isInit=false
[2026-03-05T17:21:26.957Z] POST /mcp sessionId=3b16bff8-38b0-4536-8e6a-3d705dcfd1de body.method=tools/list isInit=false
[2026-03-05T17:22:13.233Z] POST /mcp sessionId=3b16bff8-38b0-4536-8e6a-3d705dcfd1de body.method=tools/list isInit=false
[2026-03-05T17:22:21.830Z] POST /mcp sessionId=09b64f32-c411-43b4-b1c5-064f378a9ba6 body.method=tools/list isInit=false
[2026-03-05T17:22:50.374Z] POST /mcp sessionId=09b64f32-c411-43b4-b1c5-064f378a9ba6 body.method=tools/list isInit=false
[2026-03-05T17:22:51.725Z] POST /mcp sessionId=3b16bff8-38b0-4536-8e6a-3d705dcfd1de body.method=tools/list isInit=false
[2026-03-05T17:23:07.088Z] POST /mcp sessionId=3b16bff8-38b0-4536-8e6a-3d705dcfd1de body.method=tools/list isInit=false
[2026-03-05T17:24:38.991Z] POST /mcp sessionId=09b64f32-c411-43b4-b1c5-064f378a9ba6 body.method=tools/list isInit=false
[2026-03-05T17:26:03.952Z] POST /mcp sessionId=09b64f32-c411-43b4-b1c5-064f378a9ba6 body.method=tools/list isInit=false
[2026-03-05T17:26:09.375Z] POST /mcp sessionId=3b16bff8-38b0-4536-8e6a-3d705dcfd1de body.method=tools/list isInit=false
[2026-03-05T17:26:19.481Z] POST /mcp sessionId=3b16bff8-38b0-4536-8e6a-3d705dcfd1de body.method=tools/list isInit=false
[2026-03-05T17:43:16.227Z] POST /mcp sessionId=(nenhum) body.method=initialize isInit=true
[2026-03-05T17:43:16.265Z] nova sessão e01688e0-2b0f-46dc-b421-9489d270f381 (initialize)
[2026-03-05T17:43:16.789Z] POST /mcp sessionId=e01688e0-2b0f-46dc-b421-9489d270f381 body.method=notifications/initialized isInit=false
[2026-03-05T17:43:17.034Z] POST /mcp sessionId=e01688e0-2b0f-46dc-b421-9489d270f381 body.method=tools/list isInit=false
[2026-03-05T17:43:22.963Z] POST /mcp sessionId=(nenhum) body.method=initialize isInit=true
[2026-03-05T17:43:22.966Z] nova sessão 2adbf39b-1f8a-45fd-90f2-347ad33428a9 (initialize)
[2026-03-05T17:43:22.979Z] POST /mcp sessionId=2adbf39b-1f8a-45fd-90f2-347ad33428a9 body.method=notifications/initialized isInit=false
[2026-03-05T17:43:23.053Z] POST /mcp sessionId=2adbf39b-1f8a-45fd-90f2-347ad33428a9 body.method=tools/list isInit=false
[2026-03-05T17:43:23.530Z] POST /mcp sessionId=2adbf39b-1f8a-45fd-90f2-347ad33428a9 body.method=tools/list isInit=false
[2026-03-05T17:43:51.748Z] POST /mcp sessionId=e01688e0-2b0f-46dc-b421-9489d270f381 body.method=tools/list isInit=false
[2026-03-05T17:44:15.879Z] POST /mcp sessionId=e01688e0-2b0f-46dc-b421-9489d270f381 body.method=tools/call isInit=false
[2026-03-05T17:44:53.759Z] POST /mcp sessionId=e01688e0-2b0f-46dc-b421-9489d270f381 body.method=tools/list isInit=false
[2026-03-05T17:44:54.278Z] POST /mcp sessionId=e01688e0-2b0f-46dc-b421-9489d270f381 body.method=tools/list isInit=false
[2026-03-05T17:45:14.180Z] POST /mcp sessionId=e01688e0-2b0f-46dc-b421-9489d270f381 body.method=tools/list isInit=false
[2026-03-05T17:45:47.785Z] POST /mcp sessionId=e01688e0-2b0f-46dc-b421-9489d270f381 body.method=tools/list isInit=false
[2026-03-05T17:45:48.069Z] POST /mcp sessionId=e01688e0-2b0f-46dc-b421-9489d270f381 body.method=tools/list isInit=false
[2026-03-05T17:46:20.773Z] POST /mcp sessionId=e01688e0-2b0f-46dc-b421-9489d270f381 body.method=tools/list isInit=false
[2026-03-05T17:46:21.155Z] POST /mcp sessionId=e01688e0-2b0f-46dc-b421-9489d270f381 body.method=tools/list isInit=false
[2026-03-05T17:47:27.021Z] POST /mcp sessionId=(nenhum) body.method=initialize isInit=true
[2026-03-05T17:47:27.039Z] nova sessão abd70657-ce9b-45f1-a8a0-bdbb0574b0d3 (initialize)
[2026-03-05T17:47:27.128Z] POST /mcp sessionId=abd70657-ce9b-45f1-a8a0-bdbb0574b0d3 body.method=notifications/initialized isInit=false
[2026-03-05T17:47:27.269Z] POST /mcp sessionId=abd70657-ce9b-45f1-a8a0-bdbb0574b0d3 body.method=tools/list isInit=false
[2026-03-05T17:47:27.638Z] POST /mcp sessionId=abd70657-ce9b-45f1-a8a0-bdbb0574b0d3 body.method=tools/list isInit=false
[2026-03-05T17:47:48.525Z] POST /mcp sessionId=abd70657-ce9b-45f1-a8a0-bdbb0574b0d3 body.method=tools/call isInit=false
[2026-03-05T17:47:49.846Z] POST /mcp sessionId=abd70657-ce9b-45f1-a8a0-bdbb0574b0d3 body.method=tools/list isInit=false
[2026-03-05T17:48:46.896Z] POST /mcp sessionId=abd70657-ce9b-45f1-a8a0-bdbb0574b0d3 body.method=tools/call isInit=false
[2026-03-05T17:48:53.064Z] POST /mcp sessionId=abd70657-ce9b-45f1-a8a0-bdbb0574b0d3 body.method=tools/list isInit=false
[2026-03-05T17:50:14.206Z] POST /mcp sessionId=abd70657-ce9b-45f1-a8a0-bdbb0574b0d3 body.method=tools/list isInit=false
[2026-03-05T20:38:57.337Z] POST /mcp sessionId=(nenhum) body.method=initialize isInit=true
[2026-03-05T20:38:57.351Z] nova sessão b4ac4187-86e0-46e1-83b5-16b468c5a13b (initialize)
[2026-03-05T20:38:57.502Z] POST /mcp sessionId=b4ac4187-86e0-46e1-83b5-16b468c5a13b body.method=notifications/initialized isInit=false
[2026-03-05T20:38:57.515Z] POST /mcp sessionId=b4ac4187-86e0-46e1-83b5-16b468c5a13b body.method=tools/list isInit=false
[2026-03-05T20:38:57.726Z] POST /mcp sessionId=b4ac4187-86e0-46e1-83b5-16b468c5a13b body.method=tools/list isInit=false
[2026-03-05T20:39:02.964Z] POST /mcp sessionId=b4ac4187-86e0-46e1-83b5-16b468c5a13b body.method=tools/list isInit=false
[2026-03-05T20:43:53.600Z] POST /mcp sessionId=b4ac4187-86e0-46e1-83b5-16b468c5a13b body.method=tools/list isInit=false
[2026-03-05T20:44:28.083Z] POST /mcp sessionId=(nenhum) body.method=initialize isInit=true
[2026-03-05T20:44:28.084Z] nova sessão f395b3d1-1cd4-40e7-a049-144208739b07 (initialize)
[2026-03-05T20:44:28.175Z] POST /mcp sessionId=f395b3d1-1cd4-40e7-a049-144208739b07 body.method=notifications/initialized isInit=false
[2026-03-05T20:44:28.267Z] POST /mcp sessionId=f395b3d1-1cd4-40e7-a049-144208739b07 body.method=tools/list isInit=false
[2026-03-05T20:44:30.394Z] POST /mcp sessionId=b4ac4187-86e0-46e1-83b5-16b468c5a13b body.method=tools/list isInit=false
[2026-03-05T20:44:37.155Z] POST /mcp sessionId=b4ac4187-86e0-46e1-83b5-16b468c5a13b body.method=tools/list isInit=false
[2026-03-05T20:46:45.110Z] POST /mcp sessionId=b4ac4187-86e0-46e1-83b5-16b468c5a13b body.method=tools/list isInit=false
[2026-03-05T20:47:13.973Z] POST /mcp sessionId=b4ac4187-86e0-46e1-83b5-16b468c5a13b body.method=tools/list isInit=false
[2026-03-05T20:47:23.769Z] POST /mcp sessionId=b4ac4187-86e0-46e1-83b5-16b468c5a13b body.method=tools/call isInit=false
[2026-03-05T20:47:31.132Z] POST /mcp sessionId=b4ac4187-86e0-46e1-83b5-16b468c5a13b body.method=tools/call isInit=false
[2026-03-05T20:47:33.516Z] POST /mcp sessionId=b4ac4187-86e0-46e1-83b5-16b468c5a13b body.method=tools/call isInit=false
[2026-03-05T20:47:47.447Z] POST /mcp sessionId=b4ac4187-86e0-46e1-83b5-16b468c5a13b body.method=tools/call isInit=false
[2026-03-05T20:48:57.074Z] POST /mcp sessionId=b4ac4187-86e0-46e1-83b5-16b468c5a13b body.method=tools/list isInit=false
[2026-03-05T20:50:02.174Z] POST /mcp sessionId=b4ac4187-86e0-46e1-83b5-16b468c5a13b body.method=tools/list isInit=false
[2026-03-05T20:51:31.329Z] POST /mcp sessionId=b4ac4187-86e0-46e1-83b5-16b468c5a13b body.method=tools/list isInit=false
[2026-03-05T20:53:26.278Z] POST /mcp sessionId=b4ac4187-86e0-46e1-83b5-16b468c5a13b body.method=tools/list isInit=false
[2026-03-05T20:54:48.924Z] POST /mcp sessionId=(nenhum) body.method=initialize isInit=true
[2026-03-05T20:54:48.931Z] nova sessão 96a1afee-4b31-4cff-aa97-ad3e8e3f5699 (initialize)
[2026-03-05T20:54:48.949Z] POST /mcp sessionId=96a1afee-4b31-4cff-aa97-ad3e8e3f5699 body.method=notifications/initialized isInit=false
[2026-03-05T20:55:09.127Z] POST /mcp sessionId=96a1afee-4b31-4cff-aa97-ad3e8e3f5699 body.method=tools/list isInit=false
[2026-03-05T20:55:09.348Z] POST /mcp sessionId=96a1afee-4b31-4cff-aa97-ad3e8e3f5699 body.method=tools/list isInit=false
[2026-03-05T20:56:50.639Z] POST /mcp sessionId=(nenhum) body.method=initialize isInit=true
[2026-03-05T20:56:50.641Z] nova sessão 2dd84ce8-59fd-43d5-860a-acfa2815aee7 (initialize)
[2026-03-05T20:56:50.656Z] POST /mcp sessionId=2dd84ce8-59fd-43d5-860a-acfa2815aee7 body.method=notifications/initialized isInit=false
[2026-03-05T20:56:50.831Z] POST /mcp sessionId=(nenhum) body.method=initialize isInit=true
[2026-03-05T20:56:50.833Z] nova sessão 6904029b-36df-421c-a52c-73912af80b00 (initialize)
[2026-03-05T20:56:50.846Z] POST /mcp sessionId=6904029b-36df-421c-a52c-73912af80b00 body.method=notifications/initialized isInit=false
[2026-03-05T20:56:50.884Z] POST /mcp sessionId=6904029b-36df-421c-a52c-73912af80b00 body.method=tools/list isInit=false
[2026-03-05T20:56:51.260Z] POST /mcp sessionId=2dd84ce8-59fd-43d5-860a-acfa2815aee7 body.method=tools/list isInit=false
[2026-03-05T20:56:51.468Z] POST /mcp sessionId=6904029b-36df-421c-a52c-73912af80b00 body.method=tools/list isInit=false
[2026-03-05T20:56:51.522Z] POST /mcp sessionId=2dd84ce8-59fd-43d5-860a-acfa2815aee7 body.method=tools/list isInit=false
[2026-03-05T20:56:51.925Z] POST /mcp sessionId=2dd84ce8-59fd-43d5-860a-acfa2815aee7 body.method=tools/list isInit=false
[2026-03-05T20:57:10.675Z] POST /mcp sessionId=2dd84ce8-59fd-43d5-860a-acfa2815aee7 body.method=tools/list isInit=false
[2026-03-05T20:57:24.217Z] POST /mcp sessionId=2dd84ce8-59fd-43d5-860a-acfa2815aee7 body.method=tools/call isInit=false
[2026-03-05T20:57:47.502Z] POST /mcp sessionId=2dd84ce8-59fd-43d5-860a-acfa2815aee7 body.method=tools/list isInit=false
[2026-03-05T20:57:47.709Z] POST /mcp sessionId=2dd84ce8-59fd-43d5-860a-acfa2815aee7 body.method=tools/list isInit=false
[2026-03-05T20:57:55.905Z] POST /mcp sessionId=2dd84ce8-59fd-43d5-860a-acfa2815aee7 body.method=tools/call isInit=false
[2026-03-05T20:58:25.348Z] POST /mcp sessionId=2dd84ce8-59fd-43d5-860a-acfa2815aee7 body.method=tools/list isInit=false
[2026-03-05T20:58:25.597Z] POST /mcp sessionId=2dd84ce8-59fd-43d5-860a-acfa2815aee7 body.method=tools/list isInit=false
[2026-03-05T20:59:04.248Z] POST /mcp sessionId=2dd84ce8-59fd-43d5-860a-acfa2815aee7 body.method=tools/list isInit=false
[2026-03-05T20:59:42.380Z] POST /mcp sessionId=2dd84ce8-59fd-43d5-860a-acfa2815aee7 body.method=tools/list isInit=false
[2026-03-05T21:01:26.043Z] POST /mcp sessionId=2dd84ce8-59fd-43d5-860a-acfa2815aee7 body.method=tools/list isInit=false
[2026-03-05T21:02:44.009Z] POST /mcp sessionId=2dd84ce8-59fd-43d5-860a-acfa2815aee7 body.method=tools/list isInit=false
[2026-03-05T21:55:16.220Z] POST /mcp sessionId=2dd84ce8-59fd-43d5-860a-acfa2815aee7 body.method=tools/list isInit=false
[2026-03-05T21:55:23.245Z] POST /mcp sessionId=2dd84ce8-59fd-43d5-860a-acfa2815aee7 body.method=tools/list isInit=false
[2026-03-05T21:55:35.313Z] POST /mcp sessionId=2dd84ce8-59fd-43d5-860a-acfa2815aee7 body.method=tools/list isInit=false
[2026-03-06T01:34:53.297Z] POST /mcp sessionId=(nenhum) body.method=initialize isInit=true
[2026-03-06T01:34:53.335Z] nova sessão c5835203-35e0-48a0-adad-a937e0aabfae (initialize)
[2026-03-06T01:34:53.492Z] POST /mcp sessionId=c5835203-35e0-48a0-adad-a937e0aabfae body.method=notifications/initialized isInit=false
[2026-03-06T01:34:53.591Z] POST /mcp sessionId=c5835203-35e0-48a0-adad-a937e0aabfae body.method=tools/list isInit=false
[2026-03-06T01:42:30.087Z] POST /mcp sessionId=c5835203-35e0-48a0-adad-a937e0aabfae body.method=tools/list isInit=false
[2026-03-06T01:43:20.026Z] POST /mcp sessionId=c5835203-35e0-48a0-adad-a937e0aabfae body.method=tools/list isInit=false
[2026-03-06T01:43:29.295Z] POST /mcp sessionId=c5835203-35e0-48a0-adad-a937e0aabfae body.method=tools/list isInit=false
[2026-03-06T01:46:07.727Z] POST /mcp sessionId=c5835203-35e0-48a0-adad-a937e0aabfae body.method=tools/list isInit=false
[2026-03-06T01:46:18.956Z] POST /mcp sessionId=c5835203-35e0-48a0-adad-a937e0aabfae body.method=tools/list isInit=false
[2026-03-06T01:46:57.881Z] POST /mcp sessionId=(nenhum) body.method=initialize isInit=true
[2026-03-06T01:46:57.890Z] nova sessão 0150f649-abba-4555-a413-321c38f7d556 (initialize)
[2026-03-06T01:46:57.943Z] POST /mcp sessionId=0150f649-abba-4555-a413-321c38f7d556 body.method=notifications/initialized isInit=false
[2026-03-06T01:46:58.032Z] POST /mcp sessionId=0150f649-abba-4555-a413-321c38f7d556 body.method=tools/list isInit=false
[2026-03-06T01:47:11.702Z] POST /mcp sessionId=0150f649-abba-4555-a413-321c38f7d556 body.method=tools/list isInit=false
[2026-03-06T01:47:16.879Z] POST /mcp sessionId=c5835203-35e0-48a0-adad-a937e0aabfae body.method=tools/list isInit=false
[2026-03-06T01:49:15.989Z] POST /mcp sessionId=c5835203-35e0-48a0-adad-a937e0aabfae body.method=tools/list isInit=false
[2026-03-06T01:49:27.639Z] POST /mcp sessionId=c5835203-35e0-48a0-adad-a937e0aabfae body.method=tools/list isInit=false
[2026-03-06T01:49:36.777Z] POST /mcp sessionId=c5835203-35e0-48a0-adad-a937e0aabfae body.method=tools/list isInit=false
[2026-03-06T01:49:57.096Z] POST /mcp sessionId=c5835203-35e0-48a0-adad-a937e0aabfae body.method=tools/list isInit=false
[2026-03-06T01:50:09.337Z] POST /mcp sessionId=c5835203-35e0-48a0-adad-a937e0aabfae body.method=tools/list isInit=false
[2026-03-06T01:50:13.313Z] POST /mcp sessionId=c5835203-35e0-48a0-adad-a937e0aabfae body.method=tools/list isInit=false
[2026-03-06T01:50:15.157Z] POST /mcp sessionId=c5835203-35e0-48a0-adad-a937e0aabfae body.method=tools/list isInit=false
[2026-03-06T01:50:52.421Z] POST /mcp sessionId=c5835203-35e0-48a0-adad-a937e0aabfae body.method=tools/list isInit=false
[2026-03-06T01:53:29.207Z] POST /mcp sessionId=c5835203-35e0-48a0-adad-a937e0aabfae body.method=tools/list isInit=false
[2026-03-06T01:54:26.017Z] POST /mcp sessionId=c5835203-35e0-48a0-adad-a937e0aabfae body.method=tools/list isInit=false
[2026-03-06T01:54:45.766Z] POST /mcp sessionId=c5835203-35e0-48a0-adad-a937e0aabfae body.method=tools/list isInit=false
[2026-03-06T01:56:30.496Z] POST /mcp sessionId=c5835203-35e0-48a0-adad-a937e0aabfae body.method=tools/list isInit=false
[2026-03-06T01:56:42.317Z] POST /mcp sessionId=c5835203-35e0-48a0-adad-a937e0aabfae body.method=tools/list isInit=false
[2026-03-06T02:00:25.670Z] POST /mcp sessionId=c5835203-35e0-48a0-adad-a937e0aabfae body.method=tools/list isInit=false
[2026-03-06T02:01:14.575Z] POST /mcp sessionId=c5835203-35e0-48a0-adad-a937e0aabfae body.method=tools/list isInit=false
[2026-03-06T02:01:39.370Z] POST /mcp sessionId=c5835203-35e0-48a0-adad-a937e0aabfae body.method=tools/list isInit=false
[2026-03-06T02:02:01.641Z] POST /mcp sessionId=c5835203-35e0-48a0-adad-a937e0aabfae body.method=tools/list isInit=false
[2026-03-06T02:02:20.528Z] POST /mcp sessionId=c5835203-35e0-48a0-adad-a937e0aabfae body.method=tools/list isInit=false
[2026-03-06T02:02:32.990Z] POST /mcp sessionId=c5835203-35e0-48a0-adad-a937e0aabfae body.method=tools/list isInit=false
[2026-03-06T02:04:24.581Z] POST /mcp sessionId=c5835203-35e0-48a0-adad-a937e0aabfae body.method=tools/list isInit=false
[2026-03-06T02:04:48.436Z] POST /mcp sessionId=c5835203-35e0-48a0-adad-a937e0aabfae body.method=tools/list isInit=false
[2026-03-06T02:08:28.480Z] POST /mcp sessionId=c5835203-35e0-48a0-adad-a937e0aabfae body.method=tools/list isInit=false
[2026-03-06T02:08:38.014Z] POST /mcp sessionId=c5835203-35e0-48a0-adad-a937e0aabfae body.method=tools/list isInit=false
[2026-03-06T02:09:55.836Z] POST /mcp sessionId=c5835203-35e0-48a0-adad-a937e0aabfae body.method=tools/list isInit=false
[2026-03-06T02:10:17.605Z] POST /mcp sessionId=c5835203-35e0-48a0-adad-a937e0aabfae body.method=tools/list isInit=false
[2026-03-06T02:10:47.849Z] POST /mcp sessionId=c5835203-35e0-48a0-adad-a937e0aabfae body.method=tools/list isInit=false
[2026-03-06T02:14:06.080Z] POST /mcp sessionId=c5835203-35e0-48a0-adad-a937e0aabfae body.method=tools/list isInit=false
[2026-03-06T02:19:29.382Z] POST /mcp sessionId=c5835203-35e0-48a0-adad-a937e0aabfae body.method=tools/list isInit=false
[2026-03-06T02:20:56.225Z] POST /mcp sessionId=c5835203-35e0-48a0-adad-a937e0aabfae body.method=tools/list isInit=false
[2026-03-06T02:22:57.048Z] POST /mcp sessionId=(nenhum) body.method=initialize isInit=true
[2026-03-06T02:22:57.074Z] nova sessão fdbeaf51-bb2d-483b-bfd3-1afcd6211c0e (initialize)
[2026-03-06T02:22:57.149Z] POST /mcp sessionId=fdbeaf51-bb2d-483b-bfd3-1afcd6211c0e body.method=notifications/initialized isInit=false
[2026-03-06T02:22:57.249Z] POST /mcp sessionId=fdbeaf51-bb2d-483b-bfd3-1afcd6211c0e body.method=tools/list isInit=false
[2026-03-06T02:23:06.228Z] POST /mcp sessionId=fdbeaf51-bb2d-483b-bfd3-1afcd6211c0e body.method=tools/list isInit=false
[2026-03-06T02:23:41.433Z] POST /mcp sessionId=fdbeaf51-bb2d-483b-bfd3-1afcd6211c0e body.method=tools/list isInit=false
[2026-03-06T02:28:25.736Z] POST /mcp sessionId=fdbeaf51-bb2d-483b-bfd3-1afcd6211c0e body.method=tools/list isInit=false
[2026-03-06T02:28:26.273Z] POST /mcp sessionId=fdbeaf51-bb2d-483b-bfd3-1afcd6211c0e body.method=tools/list isInit=false
[2026-03-06T02:28:41.489Z] POST /mcp sessionId=fdbeaf51-bb2d-483b-bfd3-1afcd6211c0e body.method=tools/list isInit=false
[2026-03-06T02:28:52.998Z] POST /mcp sessionId=fdbeaf51-bb2d-483b-bfd3-1afcd6211c0e body.method=tools/list isInit=false
[2026-03-06T02:28:53.271Z] POST /mcp sessionId=fdbeaf51-bb2d-483b-bfd3-1afcd6211c0e body.method=tools/list isInit=false
[2026-03-06T02:29:48.149Z] POST /mcp sessionId=fdbeaf51-bb2d-483b-bfd3-1afcd6211c0e body.method=tools/list isInit=false
[2026-03-06T02:29:48.388Z] POST /mcp sessionId=fdbeaf51-bb2d-483b-bfd3-1afcd6211c0e body.method=tools/list isInit=false
[2026-03-06T02:30:00.838Z] POST /mcp sessionId=fdbeaf51-bb2d-483b-bfd3-1afcd6211c0e body.method=tools/list isInit=false
[2026-03-06T02:33:15.257Z] POST /mcp sessionId=fdbeaf51-bb2d-483b-bfd3-1afcd6211c0e body.method=tools/list isInit=false
[2026-03-06T02:33:55.402Z] POST /mcp sessionId=fdbeaf51-bb2d-483b-bfd3-1afcd6211c0e body.method=tools/list isInit=false
[2026-03-06T02:34:27.375Z] POST /mcp sessionId=fdbeaf51-bb2d-483b-bfd3-1afcd6211c0e body.method=tools/list isInit=false
[2026-03-06T02:34:55.626Z] POST /mcp sessionId=fdbeaf51-bb2d-483b-bfd3-1afcd6211c0e body.method=tools/list isInit=false
[2026-03-06T02:40:19.632Z] POST /mcp sessionId=fdbeaf51-bb2d-483b-bfd3-1afcd6211c0e body.method=tools/list isInit=false
[2026-03-06T02:41:18.386Z] POST /mcp sessionId=fdbeaf51-bb2d-483b-bfd3-1afcd6211c0e body.method=tools/list isInit=false
[2026-03-06T02:41:32.848Z] POST /mcp sessionId=fdbeaf51-bb2d-483b-bfd3-1afcd6211c0e body.method=tools/list isInit=false
[2026-03-06T02:42:11.031Z] POST /mcp sessionId=fdbeaf51-bb2d-483b-bfd3-1afcd6211c0e body.method=tools/list isInit=false
[2026-03-06T02:42:18.098Z] POST /mcp sessionId=fdbeaf51-bb2d-483b-bfd3-1afcd6211c0e body.method=tools/list isInit=false
[2026-03-06T02:46:18.482Z] POST /mcp sessionId=fdbeaf51-bb2d-483b-bfd3-1afcd6211c0e body.method=tools/call isInit=false
[2026-03-06T02:46:48.902Z] POST /mcp sessionId=fdbeaf51-bb2d-483b-bfd3-1afcd6211c0e body.method=tools/list isInit=false
[2026-03-06T02:46:57.860Z] POST /mcp sessionId=fdbeaf51-bb2d-483b-bfd3-1afcd6211c0e body.method=tools/list isInit=false
[2026-03-06T02:53:57.525Z] POST /mcp sessionId=fdbeaf51-bb2d-483b-bfd3-1afcd6211c0e body.method=tools/list isInit=false
[2026-03-06T02:59:36.195Z] POST /mcp sessionId=fdbeaf51-bb2d-483b-bfd3-1afcd6211c0e body.method=tools/list isInit=false
[2026-03-06T03:02:57.477Z] POST /mcp sessionId=fdbeaf51-bb2d-483b-bfd3-1afcd6211c0e body.method=tools/list isInit=false
[2026-03-06T03:03:59.969Z] POST /mcp sessionId=fdbeaf51-bb2d-483b-bfd3-1afcd6211c0e body.method=tools/list isInit=false
[2026-03-06T03:04:09.822Z] POST /mcp sessionId=fdbeaf51-bb2d-483b-bfd3-1afcd6211c0e body.method=tools/list isInit=false
[2026-03-06T03:05:16.266Z] POST /mcp sessionId=fdbeaf51-bb2d-483b-bfd3-1afcd6211c0e body.method=tools/list isInit=false
[2026-03-06T03:05:42.159Z] POST /mcp sessionId=fdbeaf51-bb2d-483b-bfd3-1afcd6211c0e body.method=tools/list isInit=false
[2026-03-06T03:10:32.715Z] POST /mcp sessionId=fdbeaf51-bb2d-483b-bfd3-1afcd6211c0e body.method=tools/list isInit=false
[2026-03-06T03:10:35.902Z] POST /mcp sessionId=fdbeaf51-bb2d-483b-bfd3-1afcd6211c0e body.method=tools/list isInit=false
[2026-03-06T03:10:45.670Z] POST /mcp sessionId=fdbeaf51-bb2d-483b-bfd3-1afcd6211c0e body.method=tools/list isInit=false
[2026-03-06T03:11:56.749Z] POST /mcp sessionId=fdbeaf51-bb2d-483b-bfd3-1afcd6211c0e body.method=tools/list isInit=false
[2026-03-06T03:12:11.260Z] POST /mcp sessionId=fdbeaf51-bb2d-483b-bfd3-1afcd6211c0e body.method=tools/list isInit=false
[2026-03-06T03:12:48.939Z] POST /mcp sessionId=fdbeaf51-bb2d-483b-bfd3-1afcd6211c0e body.method=tools/list isInit=false
[2026-03-06T03:12:52.644Z] POST /mcp sessionId=fdbeaf51-bb2d-483b-bfd3-1afcd6211c0e body.method=tools/list isInit=false
[2026-03-06T03:12:59.540Z] POST /mcp sessionId=fdbeaf51-bb2d-483b-bfd3-1afcd6211c0e body.method=tools/list isInit=false
[2026-03-06T03:13:41.415Z] POST /mcp sessionId=fdbeaf51-bb2d-483b-bfd3-1afcd6211c0e body.method=tools/list isInit=false
[2026-03-06T03:14:08.808Z] POST /mcp sessionId=fdbeaf51-bb2d-483b-bfd3-1afcd6211c0e body.method=tools/list isInit=false
[2026-03-06T03:15:07.196Z] POST /mcp sessionId=fdbeaf51-bb2d-483b-bfd3-1afcd6211c0e body.method=tools/list isInit=false
[2026-03-06T03:15:12.787Z] POST /mcp sessionId=fdbeaf51-bb2d-483b-bfd3-1afcd6211c0e body.method=tools/list isInit=false
[2026-03-06T03:15:13.901Z] POST /mcp sessionId=fdbeaf51-bb2d-483b-bfd3-1afcd6211c0e body.method=tools/list isInit=false
[2026-03-06T03:15:14.246Z] POST /mcp sessionId=fdbeaf51-bb2d-483b-bfd3-1afcd6211c0e body.method=tools/list isInit=false
[2026-03-06T03:15:15.553Z] POST /mcp sessionId=fdbeaf51-bb2d-483b-bfd3-1afcd6211c0e body.method=tools/list isInit=false
[2026-03-06T03:15:15.996Z] POST /mcp sessionId=fdbeaf51-bb2d-483b-bfd3-1afcd6211c0e body.method=tools/list isInit=false
[2026-03-06T03:15:18.631Z] POST /mcp sessionId=fdbeaf51-bb2d-483b-bfd3-1afcd6211c0e body.method=tools/list isInit=false
[2026-03-06T03:15:19.083Z] POST /mcp sessionId=fdbeaf51-bb2d-483b-bfd3-1afcd6211c0e body.method=tools/list isInit=false
[2026-03-06T03:17:01.075Z] POST /mcp sessionId=fdbeaf51-bb2d-483b-bfd3-1afcd6211c0e body.method=tools/list isInit=false
[2026-03-06T03:17:17.526Z] POST /mcp sessionId=fdbeaf51-bb2d-483b-bfd3-1afcd6211c0e body.method=tools/list isInit=false
[2026-03-06T03:18:20.214Z] POST /mcp sessionId=fdbeaf51-bb2d-483b-bfd3-1afcd6211c0e body.method=tools/list isInit=false
[2026-03-06T03:18:40.784Z] POST /mcp sessionId=fdbeaf51-bb2d-483b-bfd3-1afcd6211c0e body.method=tools/call isInit=false
[2026-03-06T03:18:46.758Z] POST /mcp sessionId=fdbeaf51-bb2d-483b-bfd3-1afcd6211c0e body.method=tools/call isInit=false
[2026-03-06T03:19:15.263Z] POST /mcp sessionId=fdbeaf51-bb2d-483b-bfd3-1afcd6211c0e body.method=tools/list isInit=false
[2026-03-06T03:19:55.156Z] POST /mcp sessionId=fdbeaf51-bb2d-483b-bfd3-1afcd6211c0e body.method=tools/list isInit=false
[2026-03-06T03:20:12.282Z] POST /mcp sessionId=fdbeaf51-bb2d-483b-bfd3-1afcd6211c0e body.method=tools/list isInit=false
[2026-03-06T03:20:30.504Z] POST /mcp sessionId=fdbeaf51-bb2d-483b-bfd3-1afcd6211c0e body.method=tools/list isInit=false
[2026-03-06T03:20:45.021Z] POST /mcp sessionId=fdbeaf51-bb2d-483b-bfd3-1afcd6211c0e body.method=tools/list isInit=false
[2026-03-09T15:40:24.365Z] POST /mcp sessionId=(nenhum) body.method=initialize isInit=true
[2026-03-09T15:40:24.389Z] nova sessão 61597066-8949-4500-aafc-0ea4999d70aa (initialize)
[2026-03-09T15:40:24.464Z] POST /mcp sessionId=61597066-8949-4500-aafc-0ea4999d70aa body.method=notifications/initialized isInit=false
[2026-03-09T15:40:24.520Z] POST /mcp sessionId=61597066-8949-4500-aafc-0ea4999d70aa body.method=tools/list isInit=false
[2026-03-09T15:40:24.719Z] POST /mcp sessionId=61597066-8949-4500-aafc-0ea4999d70aa body.method=tools/list isInit=false
[2026-03-09T15:40:27.106Z] POST /mcp sessionId=61597066-8949-4500-aafc-0ea4999d70aa body.method=tools/list isInit=false
[2026-03-09T15:40:59.188Z] POST /mcp sessionId=61597066-8949-4500-aafc-0ea4999d70aa body.method=tools/call isInit=false
[2026-03-09T15:41:34.855Z] POST /mcp sessionId=61597066-8949-4500-aafc-0ea4999d70aa body.method=tools/list isInit=false
[2026-03-09T15:42:45.640Z] POST /mcp sessionId=61597066-8949-4500-aafc-0ea4999d70aa body.method=tools/list isInit=false
[2026-03-09T15:42:52.824Z] POST /mcp sessionId=61597066-8949-4500-aafc-0ea4999d70aa body.method=tools/list isInit=false
[2026-03-09T15:43:04.194Z] POST /mcp sessionId=61597066-8949-4500-aafc-0ea4999d70aa body.method=tools/list isInit=false
[2026-03-09T15:43:19.809Z] POST /mcp sessionId=61597066-8949-4500-aafc-0ea4999d70aa body.method=tools/list isInit=false
[2026-03-09T15:43:54.696Z] POST /mcp sessionId=61597066-8949-4500-aafc-0ea4999d70aa body.method=tools/list isInit=false
[2026-03-09T15:43:58.399Z] POST /mcp sessionId=61597066-8949-4500-aafc-0ea4999d70aa body.method=tools/list isInit=false
[2026-03-09T15:44:45.590Z] POST /mcp sessionId=61597066-8949-4500-aafc-0ea4999d70aa body.method=tools/list isInit=false
[2026-03-09T15:44:55.572Z] POST /mcp sessionId=61597066-8949-4500-aafc-0ea4999d70aa body.method=tools/list isInit=false
[2026-03-09T15:45:37.589Z] POST /mcp sessionId=61597066-8949-4500-aafc-0ea4999d70aa body.method=tools/list isInit=false
[2026-03-09T15:48:55.327Z] POST /mcp sessionId=61597066-8949-4500-aafc-0ea4999d70aa body.method=tools/list isInit=false
[2026-03-09T15:53:55.310Z] POST /mcp sessionId=61597066-8949-4500-aafc-0ea4999d70aa body.method=tools/list isInit=false
[2026-03-09T15:58:55.309Z] POST /mcp sessionId=61597066-8949-4500-aafc-0ea4999d70aa body.method=tools/list isInit=false
[2026-03-09T16:03:55.301Z] POST /mcp sessionId=61597066-8949-4500-aafc-0ea4999d70aa body.method=tools/list isInit=false
[2026-03-09T16:06:58.328Z] POST /mcp sessionId=61597066-8949-4500-aafc-0ea4999d70aa body.method=tools/list isInit=false
[2026-03-09T16:06:58.513Z] POST /mcp sessionId=61597066-8949-4500-aafc-0ea4999d70aa body.method=tools/list isInit=false
[2026-03-09T16:07:35.532Z] POST /mcp sessionId=61597066-8949-4500-aafc-0ea4999d70aa body.method=tools/list isInit=false
[2026-03-09T21:33:39.241Z] POST /mcp sessionId=(nenhum) body.method=initialize isInit=true
[2026-03-09T21:33:39.278Z] nova sessão f262098e-ff04-4a2c-8198-a13aa801d67a (initialize)
[2026-03-09T21:33:39.338Z] POST /mcp sessionId=f262098e-ff04-4a2c-8198-a13aa801d67a body.method=notifications/initialized isInit=false
[2026-03-09T21:33:44.324Z] POST /mcp sessionId=f262098e-ff04-4a2c-8198-a13aa801d67a body.method=tools/list isInit=false
[2026-03-09T21:35:42.770Z] POST /mcp sessionId=f262098e-ff04-4a2c-8198-a13aa801d67a body.method=tools/list isInit=false
[2026-03-09T21:37:07.467Z] POST /mcp sessionId=f262098e-ff04-4a2c-8198-a13aa801d67a body.method=tools/list isInit=false
[2026-03-09T21:37:29.549Z] POST /mcp sessionId=f262098e-ff04-4a2c-8198-a13aa801d67a body.method=tools/list isInit=false
[2026-03-09T21:38:53.837Z] POST /mcp sessionId=f262098e-ff04-4a2c-8198-a13aa801d67a body.method=tools/list isInit=false
[2026-03-09T21:39:00.223Z] POST /mcp sessionId=f262098e-ff04-4a2c-8198-a13aa801d67a body.method=tools/list isInit=false
[2026-03-09T21:39:21.758Z] POST /mcp sessionId=f262098e-ff04-4a2c-8198-a13aa801d67a body.method=tools/list isInit=false
[2026-03-09T21:39:32.205Z] POST /mcp sessionId=f262098e-ff04-4a2c-8198-a13aa801d67a body.method=tools/list isInit=false
[2026-03-09T21:39:58.650Z] POST /mcp sessionId=f262098e-ff04-4a2c-8198-a13aa801d67a body.method=tools/list isInit=false
[2026-03-09T21:40:14.943Z] POST /mcp sessionId=f262098e-ff04-4a2c-8198-a13aa801d67a body.method=tools/list isInit=false
[2026-03-09T21:41:43.202Z] POST /mcp sessionId=f262098e-ff04-4a2c-8198-a13aa801d67a body.method=tools/list isInit=false
[2026-03-09T21:43:02.854Z] POST /mcp sessionId=f262098e-ff04-4a2c-8198-a13aa801d67a body.method=tools/list isInit=false
[2026-03-09T21:43:51.583Z] POST /mcp sessionId=f262098e-ff04-4a2c-8198-a13aa801d67a body.method=tools/list isInit=false
[2026-03-09T21:45:00.917Z] POST /mcp sessionId=f262098e-ff04-4a2c-8198-a13aa801d67a body.method=tools/list isInit=false
[2026-03-09T21:45:08.271Z] POST /mcp sessionId=f262098e-ff04-4a2c-8198-a13aa801d67a body.method=tools/list isInit=false
[2026-03-11T20:18:13.122Z] POST /mcp sessionId=(nenhum) body.method=initialize isInit=true
[2026-03-11T20:18:13.141Z] nova sessão 9c4d92fb-2395-489f-b2b9-e48720d1a90a (initialize)
[2026-03-11T20:18:13.171Z] POST /mcp sessionId=(nenhum) body.method=initialize isInit=true
[2026-03-11T20:18:13.173Z] nova sessão a1c0c8b4-8f32-418e-a567-cf72d2c0099c (initialize)
[2026-03-11T20:18:13.180Z] POST /mcp sessionId=9c4d92fb-2395-489f-b2b9-e48720d1a90a body.method=notifications/initialized isInit=false
[2026-03-11T20:18:13.198Z] POST /mcp sessionId=a1c0c8b4-8f32-418e-a567-cf72d2c0099c body.method=notifications/initialized isInit=false
[2026-03-11T20:18:13.241Z] POST /mcp sessionId=9c4d92fb-2395-489f-b2b9-e48720d1a90a body.method=tools/list isInit=false
[2026-03-11T20:18:13.288Z] POST /mcp sessionId=a1c0c8b4-8f32-418e-a567-cf72d2c0099c body.method=tools/list isInit=false
[2026-03-11T20:18:13.772Z] POST /mcp sessionId=a1c0c8b4-8f32-418e-a567-cf72d2c0099c body.method=tools/list isInit=false
[2026-03-11T20:18:14.537Z] POST /mcp sessionId=a1c0c8b4-8f32-418e-a567-cf72d2c0099c body.method=tools/list isInit=false
[2026-03-11T20:18:18.647Z] POST /mcp sessionId=(nenhum) body.method=initialize isInit=true
[2026-03-11T20:18:18.648Z] nova sessão f4bb7b4a-1f6a-4d06-86bb-df9c25302799 (initialize)
[2026-03-11T20:18:18.664Z] POST /mcp sessionId=f4bb7b4a-1f6a-4d06-86bb-df9c25302799 body.method=notifications/initialized isInit=false
[2026-03-11T20:18:18.695Z] POST /mcp sessionId=f4bb7b4a-1f6a-4d06-86bb-df9c25302799 body.method=tools/list isInit=false
[2026-03-11T20:18:18.967Z] POST /mcp sessionId=f4bb7b4a-1f6a-4d06-86bb-df9c25302799 body.method=tools/list isInit=false
[2026-03-11T20:18:40.123Z] POST /mcp sessionId=f4bb7b4a-1f6a-4d06-86bb-df9c25302799 body.method=tools/list isInit=false
[2026-03-11T20:19:09.063Z] POST /mcp sessionId=f4bb7b4a-1f6a-4d06-86bb-df9c25302799 body.method=tools/list isInit=false
[2026-03-11T20:19:21.722Z] POST /mcp sessionId=f4bb7b4a-1f6a-4d06-86bb-df9c25302799 body.method=tools/call isInit=false
[2026-03-11T20:19:25.175Z] POST /mcp sessionId=f4bb7b4a-1f6a-4d06-86bb-df9c25302799 body.method=tools/call isInit=false
[2026-03-11T20:19:36.840Z] POST /mcp sessionId=f4bb7b4a-1f6a-4d06-86bb-df9c25302799 body.method=tools/call isInit=false
[2026-03-11T20:19:58.994Z] POST /mcp sessionId=f4bb7b4a-1f6a-4d06-86bb-df9c25302799 body.method=tools/list isInit=false
[2026-03-11T20:19:59.125Z] POST /mcp sessionId=f4bb7b4a-1f6a-4d06-86bb-df9c25302799 body.method=tools/call isInit=false
[2026-03-11T20:19:59.296Z] POST /mcp sessionId=f4bb7b4a-1f6a-4d06-86bb-df9c25302799 body.method=tools/list isInit=false
[2026-03-11T20:20:02.428Z] POST /mcp sessionId=f4bb7b4a-1f6a-4d06-86bb-df9c25302799 body.method=tools/call isInit=false
[2026-03-11T20:20:05.354Z] POST /mcp sessionId=f4bb7b4a-1f6a-4d06-86bb-df9c25302799 body.method=tools/list isInit=false
[2026-03-11T20:20:05.903Z] POST /mcp sessionId=f4bb7b4a-1f6a-4d06-86bb-df9c25302799 body.method=tools/call isInit=false
[2026-03-11T20:20:09.833Z] POST /mcp sessionId=f4bb7b4a-1f6a-4d06-86bb-df9c25302799 body.method=tools/call isInit=false
[2026-03-11T20:21:18.348Z] POST /mcp sessionId=f4bb7b4a-1f6a-4d06-86bb-df9c25302799 body.method=tools/list isInit=false
[2026-03-11T20:22:00.746Z] POST /mcp sessionId=f4bb7b4a-1f6a-4d06-86bb-df9c25302799 body.method=tools/list isInit=false
[2026-03-11T20:23:58.428Z] POST /mcp sessionId=f4bb7b4a-1f6a-4d06-86bb-df9c25302799 body.method=tools/list isInit=false
[2026-03-11T20:24:09.068Z] POST /mcp sessionId=f4bb7b4a-1f6a-4d06-86bb-df9c25302799 body.method=tools/list isInit=false
[2026-03-11T20:25:15.058Z] POST /mcp sessionId=f4bb7b4a-1f6a-4d06-86bb-df9c25302799 body.method=tools/list isInit=false
[2026-03-11T20:25:15.397Z] POST /mcp sessionId=f4bb7b4a-1f6a-4d06-86bb-df9c25302799 body.method=tools/list isInit=false
[2026-03-11T20:25:28.138Z] POST /mcp sessionId=(nenhum) body.method=initialize isInit=true
[2026-03-11T20:25:28.146Z] nova sessão fc4516c1-7132-4831-8c45-a10ec5029722 (initialize)
[2026-03-11T20:25:28.168Z] POST /mcp sessionId=fc4516c1-7132-4831-8c45-a10ec5029722 body.method=notifications/initialized isInit=false
[2026-03-11T20:25:28.205Z] POST /mcp sessionId=fc4516c1-7132-4831-8c45-a10ec5029722 body.method=tools/list isInit=false
[2026-03-11T20:25:29.271Z] POST /mcp sessionId=(nenhum) body.method=initialize isInit=true
[2026-03-11T20:25:29.273Z] nova sessão c678c843-1b35-43f5-8c77-2fde30aca3c9 (initialize)
[2026-03-11T20:25:29.294Z] POST /mcp sessionId=c678c843-1b35-43f5-8c77-2fde30aca3c9 body.method=notifications/initialized isInit=false
[2026-03-11T20:25:29.339Z] POST /mcp sessionId=c678c843-1b35-43f5-8c77-2fde30aca3c9 body.method=tools/list isInit=false
[2026-03-11T20:25:29.799Z] POST /mcp sessionId=c678c843-1b35-43f5-8c77-2fde30aca3c9 body.method=tools/list isInit=false
[2026-03-11T20:26:06.028Z] POST /mcp sessionId=c678c843-1b35-43f5-8c77-2fde30aca3c9 body.method=tools/list isInit=false
[2026-03-11T20:26:55.078Z] POST /mcp sessionId=c678c843-1b35-43f5-8c77-2fde30aca3c9 body.method=tools/list isInit=false
[2026-03-11T20:27:28.753Z] POST /mcp sessionId=c678c843-1b35-43f5-8c77-2fde30aca3c9 body.method=tools/list isInit=false
[2026-03-11T20:27:37.198Z] POST /mcp sessionId=c678c843-1b35-43f5-8c77-2fde30aca3c9 body.method=tools/list isInit=false
[2026-03-11T20:27:55.301Z] POST /mcp sessionId=c678c843-1b35-43f5-8c77-2fde30aca3c9 body.method=tools/call isInit=false
[2026-03-11T20:27:58.903Z] POST /mcp sessionId=c678c843-1b35-43f5-8c77-2fde30aca3c9 body.method=tools/call isInit=false
[2026-03-11T20:28:12.944Z] POST /mcp sessionId=c678c843-1b35-43f5-8c77-2fde30aca3c9 body.method=tools/list isInit=false
[2026-03-11T20:32:23.046Z] POST /mcp sessionId=c678c843-1b35-43f5-8c77-2fde30aca3c9 body.method=tools/list isInit=false
[2026-03-11T20:33:44.452Z] POST /mcp sessionId=c678c843-1b35-43f5-8c77-2fde30aca3c9 body.method=tools/list isInit=false
[2026-03-11T20:35:14.367Z] POST /mcp sessionId=c678c843-1b35-43f5-8c77-2fde30aca3c9 body.method=tools/list isInit=false
[2026-03-11T20:35:34.383Z] POST /mcp sessionId=c678c843-1b35-43f5-8c77-2fde30aca3c9 body.method=tools/list isInit=false
[2026-03-11T20:36:13.655Z] POST /mcp sessionId=c678c843-1b35-43f5-8c77-2fde30aca3c9 body.method=tools/call isInit=false
[2026-03-11T20:37:12.289Z] POST /mcp sessionId=c678c843-1b35-43f5-8c77-2fde30aca3c9 body.method=tools/list isInit=false
[2026-03-11T20:40:22.018Z] POST /mcp sessionId=c678c843-1b35-43f5-8c77-2fde30aca3c9 body.method=tools/list isInit=false
[2026-03-11T22:51:08.960Z] POST /mcp sessionId=(nenhum) body.method=initialize isInit=true
[2026-03-11T22:51:08.984Z] nova sessão c0b21ddd-d628-4021-8f10-447f2c2767a2 (initialize)
[2026-03-11T22:51:09.009Z] POST /mcp sessionId=c0b21ddd-d628-4021-8f10-447f2c2767a2 body.method=notifications/initialized isInit=false
[2026-03-11T22:51:09.032Z] POST /mcp sessionId=c0b21ddd-d628-4021-8f10-447f2c2767a2 body.method=tools/list isInit=false
[2026-03-11T22:51:09.100Z] POST /mcp sessionId=c0b21ddd-d628-4021-8f10-447f2c2767a2 body.method=tools/list isInit=false
[2026-03-11T22:53:01.535Z] POST /mcp sessionId=c0b21ddd-d628-4021-8f10-447f2c2767a2 body.method=tools/list isInit=false
[2026-03-11T22:54:33.436Z] POST /mcp sessionId=c0b21ddd-d628-4021-8f10-447f2c2767a2 body.method=tools/list isInit=false
[2026-03-11T22:54:44.337Z] POST /mcp sessionId=c0b21ddd-d628-4021-8f10-447f2c2767a2 body.method=tools/list isInit=false
[2026-03-11T22:55:12.207Z] POST /mcp sessionId=c0b21ddd-d628-4021-8f10-447f2c2767a2 body.method=tools/list isInit=false
[2026-03-11T22:56:26.726Z] POST /mcp sessionId=c0b21ddd-d628-4021-8f10-447f2c2767a2 body.method=tools/list isInit=false
[2026-03-11T22:56:32.525Z] POST /mcp sessionId=c0b21ddd-d628-4021-8f10-447f2c2767a2 body.method=tools/list isInit=false
[2026-03-11T22:59:03.508Z] POST /mcp sessionId=c0b21ddd-d628-4021-8f10-447f2c2767a2 body.method=tools/list isInit=false
[2026-03-11T22:59:46.803Z] POST /mcp sessionId=c0b21ddd-d628-4021-8f10-447f2c2767a2 body.method=tools/list isInit=false
[2026-03-11T23:00:18.837Z] POST /mcp sessionId=c0b21ddd-d628-4021-8f10-447f2c2767a2 body.method=tools/list isInit=false
[2026-03-11T23:01:07.407Z] POST /mcp sessionId=c0b21ddd-d628-4021-8f10-447f2c2767a2 body.method=tools/list isInit=false
[2026-03-11T23:02:49.083Z] POST /mcp sessionId=c0b21ddd-d628-4021-8f10-447f2c2767a2 body.method=tools/list isInit=false
[2026-03-11T23:06:12.844Z] POST /mcp sessionId=(nenhum) body.method=initialize isInit=true
[2026-03-11T23:06:12.848Z] nova sessão f017292c-d28c-46d6-bbce-3f15a4c37ce7 (initialize)
[2026-03-11T23:06:12.959Z] POST /mcp sessionId=f017292c-d28c-46d6-bbce-3f15a4c37ce7 body.method=notifications/initialized isInit=false
[2026-03-11T23:06:12.979Z] POST /mcp sessionId=f017292c-d28c-46d6-bbce-3f15a4c37ce7 body.method=tools/list isInit=false
[2026-03-11T23:06:16.051Z] POST /mcp sessionId=c0b21ddd-d628-4021-8f10-447f2c2767a2 body.method=tools/list isInit=false
[2026-03-11T23:06:46.327Z] POST /mcp sessionId=f017292c-d28c-46d6-bbce-3f15a4c37ce7 body.method=tools/list isInit=false
[2026-03-11T23:07:32.981Z] POST /mcp sessionId=f017292c-d28c-46d6-bbce-3f15a4c37ce7 body.method=tools/list isInit=false
[2026-03-11T23:07:35.576Z] POST /mcp sessionId=c0b21ddd-d628-4021-8f10-447f2c2767a2 body.method=tools/list isInit=false
[2026-03-11T23:12:12.126Z] POST /mcp sessionId=c0b21ddd-d628-4021-8f10-447f2c2767a2 body.method=tools/list isInit=false
[2026-03-11T23:12:29.643Z] POST /mcp sessionId=c0b21ddd-d628-4021-8f10-447f2c2767a2 body.method=tools/list isInit=false
[2026-03-11T23:12:37.194Z] POST /mcp sessionId=c0b21ddd-d628-4021-8f10-447f2c2767a2 body.method=tools/list isInit=false
[2026-03-11T23:12:44.015Z] POST /mcp sessionId=c0b21ddd-d628-4021-8f10-447f2c2767a2 body.method=tools/list isInit=false
[2026-03-11T23:13:06.199Z] POST /mcp sessionId=c0b21ddd-d628-4021-8f10-447f2c2767a2 body.method=tools/list isInit=false
[2026-03-11T23:15:38.152Z] POST /mcp sessionId=c0b21ddd-d628-4021-8f10-447f2c2767a2 body.method=tools/list isInit=false
[2026-03-11T23:17:59.100Z] POST /mcp sessionId=c0b21ddd-d628-4021-8f10-447f2c2767a2 body.method=tools/list isInit=false
[2026-03-11T23:19:13.881Z] POST /mcp sessionId=c0b21ddd-d628-4021-8f10-447f2c2767a2 body.method=tools/list isInit=false
[2026-03-11T23:19:22.978Z] POST /mcp sessionId=c0b21ddd-d628-4021-8f10-447f2c2767a2 body.method=tools/list isInit=false
[2026-03-11T23:19:28.177Z] POST /mcp sessionId=c0b21ddd-d628-4021-8f10-447f2c2767a2 body.method=tools/list isInit=false
[2026-03-11T23:20:14.037Z] POST /mcp sessionId=c0b21ddd-d628-4021-8f10-447f2c2767a2 body.method=tools/list isInit=false
[2026-03-11T23:21:29.685Z] POST /mcp sessionId=c0b21ddd-d628-4021-8f10-447f2c2767a2 body.method=tools/list isInit=false
[2026-03-11T23:21:50.777Z] POST /mcp sessionId=c0b21ddd-d628-4021-8f10-447f2c2767a2 body.method=tools/list isInit=false
[2026-03-11T23:22:39.707Z] POST /mcp sessionId=c0b21ddd-d628-4021-8f10-447f2c2767a2 body.method=tools/list isInit=false
[2026-03-11T23:23:05.838Z] POST /mcp sessionId=c0b21ddd-d628-4021-8f10-447f2c2767a2 body.method=tools/list isInit=false
[2026-03-11T23:23:43.605Z] POST /mcp sessionId=c0b21ddd-d628-4021-8f10-447f2c2767a2 body.method=tools/list isInit=false
[2026-03-11T23:26:50.081Z] POST /mcp sessionId=c0b21ddd-d628-4021-8f10-447f2c2767a2 body.method=tools/list isInit=false
[2026-03-11T23:28:29.613Z] POST /mcp sessionId=c0b21ddd-d628-4021-8f10-447f2c2767a2 body.method=tools/list isInit=false
[2026-03-11T23:31:35.719Z] POST /mcp sessionId=c0b21ddd-d628-4021-8f10-447f2c2767a2 body.method=tools/list isInit=false
[2026-03-11T23:32:13.095Z] POST /mcp sessionId=(nenhum) body.method=initialize isInit=true
[2026-03-11T23:32:13.097Z] nova sessão 797c137c-245b-4241-95fe-f7049c4c62ea (initialize)
[2026-03-11T23:32:13.108Z] POST /mcp sessionId=797c137c-245b-4241-95fe-f7049c4c62ea body.method=notifications/initialized isInit=false
[2026-03-11T23:32:13.128Z] POST /mcp sessionId=797c137c-245b-4241-95fe-f7049c4c62ea body.method=tools/list isInit=false
[2026-03-11T23:32:13.388Z] POST /mcp sessionId=797c137c-245b-4241-95fe-f7049c4c62ea body.method=tools/list isInit=false
[2026-03-11T23:32:45.423Z] POST /mcp sessionId=(nenhum) body.method=initialize isInit=true
[2026-03-11T23:32:45.432Z] nova sessão 1391d0b0-0f1d-4a4f-a15d-73a1cdf2d17b (initialize)
[2026-03-11T23:32:45.455Z] POST /mcp sessionId=1391d0b0-0f1d-4a4f-a15d-73a1cdf2d17b body.method=notifications/initialized isInit=false
[2026-03-11T23:32:45.473Z] POST /mcp sessionId=1391d0b0-0f1d-4a4f-a15d-73a1cdf2d17b body.method=tools/list isInit=false
[2026-03-11T23:32:45.700Z] POST /mcp sessionId=1391d0b0-0f1d-4a4f-a15d-73a1cdf2d17b body.method=tools/list isInit=false
[2026-03-11T23:33:06.015Z] POST /mcp sessionId=1391d0b0-0f1d-4a4f-a15d-73a1cdf2d17b body.method=tools/list isInit=false
[2026-03-11T23:34:05.500Z] POST /mcp sessionId=1391d0b0-0f1d-4a4f-a15d-73a1cdf2d17b body.method=tools/list isInit=false
[2026-03-11T23:34:35.764Z] POST /mcp sessionId=1391d0b0-0f1d-4a4f-a15d-73a1cdf2d17b body.method=tools/list isInit=false
[2026-03-11T23:34:40.933Z] POST /mcp sessionId=1391d0b0-0f1d-4a4f-a15d-73a1cdf2d17b body.method=tools/list isInit=false
[2026-03-11T23:34:52.795Z] POST /mcp sessionId=1391d0b0-0f1d-4a4f-a15d-73a1cdf2d17b body.method=tools/list isInit=false
[2026-03-11T23:34:52.808Z] POST /mcp sessionId=(nenhum) body.method=initialize isInit=true
[2026-03-11T23:34:52.811Z] nova sessão 6f57c236-4597-4f11-b8d0-4b7da9fc73a4 (initialize)
[2026-03-11T23:34:52.818Z] POST /mcp sessionId=6f57c236-4597-4f11-b8d0-4b7da9fc73a4 body.method=notifications/initialized isInit=false
[2026-03-11T23:34:52.843Z] POST /mcp sessionId=6f57c236-4597-4f11-b8d0-4b7da9fc73a4 body.method=tools/list isInit=false
[2026-03-11T23:34:53.008Z] POST /mcp sessionId=1391d0b0-0f1d-4a4f-a15d-73a1cdf2d17b body.method=tools/list isInit=false
[2026-03-11T23:37:27.859Z] POST /mcp sessionId=1391d0b0-0f1d-4a4f-a15d-73a1cdf2d17b body.method=tools/call isInit=false
[2026-03-11T23:38:03.616Z] POST /mcp sessionId=1391d0b0-0f1d-4a4f-a15d-73a1cdf2d17b body.method=tools/list isInit=false
[2026-03-11T23:38:09.037Z] POST /mcp sessionId=1391d0b0-0f1d-4a4f-a15d-73a1cdf2d17b body.method=tools/list isInit=false
[2026-03-11T23:38:22.959Z] POST /mcp sessionId=1391d0b0-0f1d-4a4f-a15d-73a1cdf2d17b body.method=tools/list isInit=false
[2026-03-11T23:38:57.829Z] POST /mcp sessionId=1391d0b0-0f1d-4a4f-a15d-73a1cdf2d17b body.method=tools/list isInit=false
[2026-03-11T23:39:45.279Z] POST /mcp sessionId=1391d0b0-0f1d-4a4f-a15d-73a1cdf2d17b body.method=tools/list isInit=false
[2026-03-11T23:44:02.117Z] POST /mcp sessionId=1391d0b0-0f1d-4a4f-a15d-73a1cdf2d17b body.method=tools/list isInit=false
[2026-03-11T23:44:40.255Z] POST /mcp sessionId=1391d0b0-0f1d-4a4f-a15d-73a1cdf2d17b body.method=tools/list isInit=false
[2026-03-11T23:45:12.701Z] POST /mcp sessionId=1391d0b0-0f1d-4a4f-a15d-73a1cdf2d17b body.method=tools/list isInit=false
[2026-03-11T23:46:16.403Z] POST /mcp sessionId=1391d0b0-0f1d-4a4f-a15d-73a1cdf2d17b body.method=tools/call isInit=false
[2026-03-11T23:46:42.140Z] POST /mcp sessionId=1391d0b0-0f1d-4a4f-a15d-73a1cdf2d17b body.method=tools/list isInit=false
[2026-03-11T23:47:28.675Z] POST /mcp sessionId=1391d0b0-0f1d-4a4f-a15d-73a1cdf2d17b body.method=tools/call isInit=false
[2026-03-11T23:47:34.894Z] POST /mcp sessionId=1391d0b0-0f1d-4a4f-a15d-73a1cdf2d17b body.method=tools/list isInit=false
[2026-03-11T23:48:01.106Z] POST /mcp sessionId=(nenhum) body.method=initialize isInit=true
[2026-03-11T23:48:01.116Z] nova sessão 9a973399-7acf-4657-a1c1-1ac4b6c30774 (initialize)
[2026-03-11T23:48:01.135Z] POST /mcp sessionId=(nenhum) body.method=initialize isInit=true
[2026-03-11T23:48:01.137Z] nova sessão e74dda03-a4d7-44bd-bfd2-28289acd5967 (initialize)
[2026-03-11T23:48:01.140Z] POST /mcp sessionId=9a973399-7acf-4657-a1c1-1ac4b6c30774 body.method=notifications/initialized isInit=false
[2026-03-11T23:48:01.152Z] POST /mcp sessionId=e74dda03-a4d7-44bd-bfd2-28289acd5967 body.method=notifications/initialized isInit=false
[2026-03-11T23:48:01.163Z] POST /mcp sessionId=9a973399-7acf-4657-a1c1-1ac4b6c30774 body.method=tools/list isInit=false
[2026-03-11T23:48:01.189Z] POST /mcp sessionId=e74dda03-a4d7-44bd-bfd2-28289acd5967 body.method=tools/list isInit=false
[2026-03-11T23:48:24.264Z] POST /mcp sessionId=e74dda03-a4d7-44bd-bfd2-28289acd5967 body.method=tools/list isInit=false
[2026-03-11T23:48:28.112Z] POST /mcp sessionId=(nenhum) body.method=initialize isInit=true
[2026-03-11T23:48:28.115Z] nova sessão 689ea4e5-d272-4edd-ab0e-90309e29c660 (initialize)
[2026-03-11T23:48:28.128Z] POST /mcp sessionId=689ea4e5-d272-4edd-ab0e-90309e29c660 body.method=notifications/initialized isInit=false
[2026-03-11T23:48:28.166Z] POST /mcp sessionId=689ea4e5-d272-4edd-ab0e-90309e29c660 body.method=tools/list isInit=false
[2026-03-11T23:48:28.413Z] POST /mcp sessionId=689ea4e5-d272-4edd-ab0e-90309e29c660 body.method=tools/list isInit=false
[2026-03-11T23:48:39.404Z] POST /mcp sessionId=689ea4e5-d272-4edd-ab0e-90309e29c660 body.method=tools/call isInit=false
[2026-03-11T23:48:51.726Z] POST /mcp sessionId=689ea4e5-d272-4edd-ab0e-90309e29c660 body.method=tools/call isInit=false
[2026-03-11T23:49:20.377Z] POST /mcp sessionId=689ea4e5-d272-4edd-ab0e-90309e29c660 body.method=tools/list isInit=false
[2026-03-11T23:49:35.661Z] POST /mcp sessionId=689ea4e5-d272-4edd-ab0e-90309e29c660 body.method=tools/list isInit=false
[2026-03-11T23:49:35.902Z] POST /mcp sessionId=689ea4e5-d272-4edd-ab0e-90309e29c660 body.method=tools/list isInit=false
[2026-03-11T23:51:04.672Z] POST /mcp sessionId=689ea4e5-d272-4edd-ab0e-90309e29c660 body.method=tools/list isInit=false
[2026-03-11T23:53:39.611Z] POST /mcp sessionId=689ea4e5-d272-4edd-ab0e-90309e29c660 body.method=tools/list isInit=false
[2026-03-11T23:54:09.003Z] POST /mcp sessionId=689ea4e5-d272-4edd-ab0e-90309e29c660 body.method=tools/list isInit=false
[2026-03-11T23:54:32.826Z] POST /mcp sessionId=689ea4e5-d272-4edd-ab0e-90309e29c660 body.method=tools/call isInit=false
[2026-03-11T23:54:58.264Z] POST /mcp sessionId=689ea4e5-d272-4edd-ab0e-90309e29c660 body.method=tools/list isInit=false
[2026-03-11T23:55:13.895Z] POST /mcp sessionId=(nenhum) body.method=initialize isInit=true
[2026-03-11T23:55:13.903Z] nova sessão d4c72c6f-7c60-424d-822d-1c04fc125c5a (initialize)
[2026-03-11T23:55:13.921Z] POST /mcp sessionId=(nenhum) body.method=initialize isInit=true
[2026-03-11T23:55:13.923Z] nova sessão 7d5656c2-d59c-4bb6-a415-cfce1329536a (initialize)
[2026-03-11T23:55:13.926Z] POST /mcp sessionId=d4c72c6f-7c60-424d-822d-1c04fc125c5a body.method=notifications/initialized isInit=false
[2026-03-11T23:55:13.941Z] POST /mcp sessionId=7d5656c2-d59c-4bb6-a415-cfce1329536a body.method=notifications/initialized isInit=false
[2026-03-11T23:55:13.948Z] POST /mcp sessionId=d4c72c6f-7c60-424d-822d-1c04fc125c5a body.method=tools/list isInit=false
[2026-03-11T23:55:13.974Z] POST /mcp sessionId=7d5656c2-d59c-4bb6-a415-cfce1329536a body.method=tools/list isInit=false
[2026-03-11T23:55:24.928Z] POST /mcp sessionId=7d5656c2-d59c-4bb6-a415-cfce1329536a body.method=tools/call isInit=false
[2026-03-11T23:55:53.404Z] POST /mcp sessionId=7d5656c2-d59c-4bb6-a415-cfce1329536a body.method=tools/list isInit=false
[2026-03-11T23:56:48.563Z] POST /mcp sessionId=7d5656c2-d59c-4bb6-a415-cfce1329536a body.method=tools/call isInit=false
[2026-03-11T23:56:50.077Z] POST /mcp sessionId=7d5656c2-d59c-4bb6-a415-cfce1329536a body.method=tools/list isInit=false
[2026-03-11T23:57:54.655Z] POST /mcp sessionId=7d5656c2-d59c-4bb6-a415-cfce1329536a body.method=tools/list isInit=false
[2026-03-11T23:58:53.083Z] POST /mcp sessionId=7d5656c2-d59c-4bb6-a415-cfce1329536a body.method=tools/list isInit=false
[2026-03-11T23:59:53.765Z] POST /mcp sessionId=7d5656c2-d59c-4bb6-a415-cfce1329536a body.method=tools/call isInit=false
[2026-03-12T00:00:17.177Z] POST /mcp sessionId=7d5656c2-d59c-4bb6-a415-cfce1329536a body.method=tools/call isInit=false
[2026-03-12T00:00:32.929Z] POST /mcp sessionId=7d5656c2-d59c-4bb6-a415-cfce1329536a body.method=tools/call isInit=false
[2026-03-12T00:00:48.318Z] POST /mcp sessionId=7d5656c2-d59c-4bb6-a415-cfce1329536a body.method=tools/call isInit=false
[2026-03-12T00:00:50.477Z] POST /mcp sessionId=7d5656c2-d59c-4bb6-a415-cfce1329536a body.method=tools/list isInit=false
[2026-03-12T00:01:34.806Z] POST /mcp sessionId=7d5656c2-d59c-4bb6-a415-cfce1329536a body.method=tools/list isInit=false
[2026-03-12T00:02:03.714Z] POST /mcp sessionId=7d5656c2-d59c-4bb6-a415-cfce1329536a body.method=tools/list isInit=false
[2026-03-12T00:02:25.609Z] POST /mcp sessionId=7d5656c2-d59c-4bb6-a415-cfce1329536a body.method=tools/list isInit=false
[2026-03-12T00:02:46.726Z] POST /mcp sessionId=7d5656c2-d59c-4bb6-a415-cfce1329536a body.method=tools/list isInit=false
[2026-03-12T00:02:55.253Z] POST /mcp sessionId=7d5656c2-d59c-4bb6-a415-cfce1329536a body.method=tools/list isInit=false
[2026-03-12T00:06:15.309Z] POST /mcp sessionId=7d5656c2-d59c-4bb6-a415-cfce1329536a body.method=tools/list isInit=false
[2026-03-12T00:07:46.026Z] POST /mcp sessionId=7d5656c2-d59c-4bb6-a415-cfce1329536a body.method=tools/list isInit=false
[2026-03-12T00:08:29.761Z] POST /mcp sessionId=7d5656c2-d59c-4bb6-a415-cfce1329536a body.method=tools/list isInit=false
[2026-03-12T00:10:35.093Z] POST /mcp sessionId=7d5656c2-d59c-4bb6-a415-cfce1329536a body.method=tools/list isInit=false
[2026-03-12T00:12:57.998Z] POST /mcp sessionId=7d5656c2-d59c-4bb6-a415-cfce1329536a body.method=tools/list isInit=false
[2026-03-12T00:15:49.879Z] POST /mcp sessionId=7d5656c2-d59c-4bb6-a415-cfce1329536a body.method=tools/list isInit=false
[2026-03-12T00:18:05.706Z] POST /mcp sessionId=7d5656c2-d59c-4bb6-a415-cfce1329536a body.method=tools/list isInit=false
[2026-03-12T00:21:55.740Z] POST /mcp sessionId=7d5656c2-d59c-4bb6-a415-cfce1329536a body.method=tools/list isInit=false
[2026-03-12T00:22:44.753Z] POST /mcp sessionId=7d5656c2-d59c-4bb6-a415-cfce1329536a body.method=tools/list isInit=false
[2026-03-12T00:24:58.853Z] POST /mcp sessionId=7d5656c2-d59c-4bb6-a415-cfce1329536a body.method=tools/list isInit=false
[2026-03-12T00:27:26.959Z] POST /mcp sessionId=7d5656c2-d59c-4bb6-a415-cfce1329536a body.method=tools/list isInit=false
[2026-03-12T00:27:35.621Z] POST /mcp sessionId=7d5656c2-d59c-4bb6-a415-cfce1329536a body.method=tools/list isInit=false
[2026-03-12T00:28:56.648Z] POST /mcp sessionId=d4c72c6f-7c60-424d-822d-1c04fc125c5a body.method=tools/list isInit=false
[2026-03-12T00:28:58.168Z] POST /mcp sessionId=7d5656c2-d59c-4bb6-a415-cfce1329536a body.method=tools/list isInit=false
[2026-03-12T00:29:49.698Z] POST /mcp sessionId=7d5656c2-d59c-4bb6-a415-cfce1329536a body.method=tools/list isInit=false
[2026-03-12T00:29:49.709Z] POST /mcp sessionId=d4c72c6f-7c60-424d-822d-1c04fc125c5a body.method=tools/list isInit=false
[2026-03-12T00:30:01.154Z] POST /mcp sessionId=d4c72c6f-7c60-424d-822d-1c04fc125c5a body.method=tools/list isInit=false
[2026-03-12T00:30:08.726Z] POST /mcp sessionId=7d5656c2-d59c-4bb6-a415-cfce1329536a body.method=tools/list isInit=false
[2026-03-12T00:33:02.170Z] POST /mcp sessionId=7d5656c2-d59c-4bb6-a415-cfce1329536a body.method=tools/list isInit=false
[2026-03-12T00:33:11.425Z] POST /mcp sessionId=7d5656c2-d59c-4bb6-a415-cfce1329536a body.method=tools/list isInit=false
[2026-03-12T00:34:33.372Z] POST /mcp sessionId=7d5656c2-d59c-4bb6-a415-cfce1329536a body.method=tools/list isInit=false
[2026-03-12T00:35:16.839Z] POST /mcp sessionId=7d5656c2-d59c-4bb6-a415-cfce1329536a body.method=tools/list isInit=false
[2026-03-12T00:36:47.584Z] POST /mcp sessionId=7d5656c2-d59c-4bb6-a415-cfce1329536a body.method=tools/list isInit=false
[2026-03-12T00:37:25.776Z] POST /mcp sessionId=7d5656c2-d59c-4bb6-a415-cfce1329536a body.method=tools/list isInit=false
[2026-03-12T00:41:10.616Z] POST /mcp sessionId=7d5656c2-d59c-4bb6-a415-cfce1329536a body.method=tools/list isInit=false
[2026-03-12T00:42:09.131Z] POST /mcp sessionId=7d5656c2-d59c-4bb6-a415-cfce1329536a body.method=tools/list isInit=false
[2026-03-12T00:42:42.866Z] POST /mcp sessionId=7d5656c2-d59c-4bb6-a415-cfce1329536a body.method=tools/list isInit=false
[2026-03-12T00:43:57.718Z] POST /mcp sessionId=7d5656c2-d59c-4bb6-a415-cfce1329536a body.method=tools/list isInit=false
[2026-03-12T00:44:39.473Z] POST /mcp sessionId=7d5656c2-d59c-4bb6-a415-cfce1329536a body.method=tools/list isInit=false
[2026-03-12T00:45:14.711Z] POST /mcp sessionId=7d5656c2-d59c-4bb6-a415-cfce1329536a body.method=tools/list isInit=false
[2026-03-12T00:45:25.124Z] POST /mcp sessionId=7d5656c2-d59c-4bb6-a415-cfce1329536a body.method=tools/list isInit=false
[2026-03-12T00:45:46.443Z] POST /mcp sessionId=7d5656c2-d59c-4bb6-a415-cfce1329536a body.method=tools/list isInit=false
[2026-03-12T00:46:58.080Z] POST /mcp sessionId=d4c72c6f-7c60-424d-822d-1c04fc125c5a body.method=tools/list isInit=false
[2026-03-12T00:46:58.490Z] POST /mcp sessionId=7d5656c2-d59c-4bb6-a415-cfce1329536a body.method=tools/list isInit=false
[2026-03-12T00:47:02.108Z] POST /mcp sessionId=7d5656c2-d59c-4bb6-a415-cfce1329536a body.method=tools/list isInit=false
[2026-03-12T00:47:04.045Z] POST /mcp sessionId=d4c72c6f-7c60-424d-822d-1c04fc125c5a body.method=tools/list isInit=false
[2026-03-12T00:47:04.077Z] POST /mcp sessionId=7d5656c2-d59c-4bb6-a415-cfce1329536a body.method=tools/list isInit=false
[2026-03-12T00:47:04.621Z] POST /mcp sessionId=7d5656c2-d59c-4bb6-a415-cfce1329536a body.method=tools/list isInit=false
[2026-03-12T00:47:37.816Z] POST /mcp sessionId=d4c72c6f-7c60-424d-822d-1c04fc125c5a body.method=tools/list isInit=false
[2026-03-12T00:47:37.865Z] POST /mcp sessionId=7d5656c2-d59c-4bb6-a415-cfce1329536a body.method=tools/list isInit=false
[2026-03-12T00:47:38.519Z] POST /mcp sessionId=7d5656c2-d59c-4bb6-a415-cfce1329536a body.method=tools/list isInit=false
[2026-03-12T00:49:54.335Z] POST /mcp sessionId=7d5656c2-d59c-4bb6-a415-cfce1329536a body.method=tools/list isInit=false
[2026-03-12T00:50:21.335Z] POST /mcp sessionId=d4c72c6f-7c60-424d-822d-1c04fc125c5a body.method=tools/list isInit=false
[2026-03-12T00:50:21.365Z] POST /mcp sessionId=7d5656c2-d59c-4bb6-a415-cfce1329536a body.method=tools/list isInit=false
[2026-03-12T00:50:22.016Z] POST /mcp sessionId=7d5656c2-d59c-4bb6-a415-cfce1329536a body.method=tools/list isInit=false
[2026-03-12T00:50:22.652Z] POST /mcp sessionId=7d5656c2-d59c-4bb6-a415-cfce1329536a body.method=tools/list isInit=false
[2026-03-12T00:50:24.680Z] POST /mcp sessionId=7d5656c2-d59c-4bb6-a415-cfce1329536a body.method=tools/list isInit=false
[2026-03-12T00:50:26.109Z] POST /mcp sessionId=7d5656c2-d59c-4bb6-a415-cfce1329536a body.method=tools/list isInit=false
[2026-03-12T00:50:26.376Z] POST /mcp sessionId=7d5656c2-d59c-4bb6-a415-cfce1329536a body.method=tools/list isInit=false
[2026-03-12T00:50:27.347Z] POST /mcp sessionId=7d5656c2-d59c-4bb6-a415-cfce1329536a body.method=tools/list isInit=false
[2026-03-12T00:51:10.193Z] POST /mcp sessionId=d4c72c6f-7c60-424d-822d-1c04fc125c5a body.method=tools/list isInit=false
[2026-03-12T00:51:10.250Z] POST /mcp sessionId=7d5656c2-d59c-4bb6-a415-cfce1329536a body.method=tools/list isInit=false
[2026-03-12T00:51:10.856Z] POST /mcp sessionId=7d5656c2-d59c-4bb6-a415-cfce1329536a body.method=tools/list isInit=false
[2026-03-12T00:51:11.243Z] POST /mcp sessionId=7d5656c2-d59c-4bb6-a415-cfce1329536a body.method=tools/list isInit=false
[2026-03-12T00:51:14.989Z] POST /mcp sessionId=7d5656c2-d59c-4bb6-a415-cfce1329536a body.method=tools/list isInit=false
[2026-03-12T00:52:02.790Z] POST /mcp sessionId=7d5656c2-d59c-4bb6-a415-cfce1329536a body.method=tools/list isInit=false
[2026-03-12T00:52:34.685Z] POST /mcp sessionId=7d5656c2-d59c-4bb6-a415-cfce1329536a body.method=tools/list isInit=false
[2026-03-12T00:52:43.793Z] POST /mcp sessionId=7d5656c2-d59c-4bb6-a415-cfce1329536a body.method=tools/list isInit=false
[2026-03-12T00:52:45.479Z] POST /mcp sessionId=7d5656c2-d59c-4bb6-a415-cfce1329536a body.method=tools/list isInit=false
[2026-03-12T00:52:45.555Z] POST /mcp sessionId=d4c72c6f-7c60-424d-822d-1c04fc125c5a body.method=tools/list isInit=false
[2026-03-12T00:52:45.991Z] POST /mcp sessionId=7d5656c2-d59c-4bb6-a415-cfce1329536a body.method=tools/list isInit=false
[2026-03-12T00:52:51.261Z] POST /mcp sessionId=7d5656c2-d59c-4bb6-a415-cfce1329536a body.method=tools/list isInit=false
[2026-03-12T00:52:51.290Z] POST /mcp sessionId=d4c72c6f-7c60-424d-822d-1c04fc125c5a body.method=tools/list isInit=false
[2026-03-12T00:52:51.815Z] POST /mcp sessionId=7d5656c2-d59c-4bb6-a415-cfce1329536a body.method=tools/list isInit=false
[2026-03-12T00:52:52.612Z] POST /mcp sessionId=7d5656c2-d59c-4bb6-a415-cfce1329536a body.method=tools/list isInit=false
[2026-03-12T00:52:54.961Z] POST /mcp sessionId=7d5656c2-d59c-4bb6-a415-cfce1329536a body.method=tools/list isInit=false
[2026-03-12T00:52:55.305Z] POST /mcp sessionId=7d5656c2-d59c-4bb6-a415-cfce1329536a body.method=tools/list isInit=false
[2026-03-12T00:52:55.909Z] POST /mcp sessionId=7d5656c2-d59c-4bb6-a415-cfce1329536a body.method=tools/list isInit=false
[2026-03-12T00:52:56.144Z] POST /mcp sessionId=7d5656c2-d59c-4bb6-a415-cfce1329536a body.method=tools/list isInit=false
[2026-03-12T00:53:18.431Z] POST /mcp sessionId=7d5656c2-d59c-4bb6-a415-cfce1329536a body.method=tools/list isInit=false
[2026-03-12T00:54:04.267Z] POST /mcp sessionId=7d5656c2-d59c-4bb6-a415-cfce1329536a body.method=tools/list isInit=false
[2026-03-12T00:54:06.917Z] POST /mcp sessionId=7d5656c2-d59c-4bb6-a415-cfce1329536a body.method=tools/list isInit=false
[2026-03-12T00:54:07.245Z] POST /mcp sessionId=7d5656c2-d59c-4bb6-a415-cfce1329536a body.method=tools/list isInit=false
[2026-03-12T00:54:13.199Z] POST /mcp sessionId=7d5656c2-d59c-4bb6-a415-cfce1329536a body.method=tools/list isInit=false
[2026-03-12T00:54:20.052Z] POST /mcp sessionId=7d5656c2-d59c-4bb6-a415-cfce1329536a body.method=tools/list isInit=false
[2026-03-12T00:54:25.090Z] POST /mcp sessionId=7d5656c2-d59c-4bb6-a415-cfce1329536a body.method=tools/list isInit=false
[2026-03-12T00:54:46.904Z] POST /mcp sessionId=7d5656c2-d59c-4bb6-a415-cfce1329536a body.method=tools/list isInit=false
[2026-03-12T00:54:46.921Z] POST /mcp sessionId=d4c72c6f-7c60-424d-822d-1c04fc125c5a body.method=tools/list isInit=false
[2026-03-12T00:54:47.192Z] POST /mcp sessionId=7d5656c2-d59c-4bb6-a415-cfce1329536a body.method=tools/list isInit=false
[2026-03-12T00:54:49.110Z] POST /mcp sessionId=7d5656c2-d59c-4bb6-a415-cfce1329536a body.method=tools/list isInit=false
[2026-03-12T00:55:05.341Z] POST /mcp sessionId=d4c72c6f-7c60-424d-822d-1c04fc125c5a body.method=tools/list isInit=false
[2026-03-12T00:55:05.371Z] POST /mcp sessionId=7d5656c2-d59c-4bb6-a415-cfce1329536a body.method=tools/list isInit=false
[2026-03-12T00:55:05.672Z] POST /mcp sessionId=7d5656c2-d59c-4bb6-a415-cfce1329536a body.method=tools/list isInit=false
[2026-03-12T00:55:05.990Z] POST /mcp sessionId=7d5656c2-d59c-4bb6-a415-cfce1329536a body.method=tools/list isInit=false
[2026-03-12T00:55:06.025Z] POST /mcp sessionId=d4c72c6f-7c60-424d-822d-1c04fc125c5a body.method=tools/list isInit=false
[2026-03-12T00:55:10.063Z] POST /mcp sessionId=7d5656c2-d59c-4bb6-a415-cfce1329536a body.method=tools/list isInit=false
[2026-03-12T00:56:32.961Z] POST /mcp sessionId=7d5656c2-d59c-4bb6-a415-cfce1329536a body.method=tools/list isInit=false
[2026-03-12T00:56:51.262Z] POST /mcp sessionId=7d5656c2-d59c-4bb6-a415-cfce1329536a body.method=tools/list isInit=false
[2026-03-12T00:57:00.870Z] POST /mcp sessionId=7d5656c2-d59c-4bb6-a415-cfce1329536a body.method=tools/list isInit=false
[2026-03-12T00:57:24.545Z] POST /mcp sessionId=7d5656c2-d59c-4bb6-a415-cfce1329536a body.method=tools/list isInit=false
[2026-03-12T00:58:01.597Z] POST /mcp sessionId=7d5656c2-d59c-4bb6-a415-cfce1329536a body.method=tools/list isInit=false
[2026-03-12T00:58:07.312Z] POST /mcp sessionId=7d5656c2-d59c-4bb6-a415-cfce1329536a body.method=tools/list isInit=false
[2026-03-12T00:58:33.584Z] POST /mcp sessionId=7d5656c2-d59c-4bb6-a415-cfce1329536a body.method=tools/list isInit=false
[2026-03-12T00:58:43.877Z] POST /mcp sessionId=7d5656c2-d59c-4bb6-a415-cfce1329536a body.method=tools/list isInit=false
[2026-03-12T00:59:36.959Z] POST /mcp sessionId=7d5656c2-d59c-4bb6-a415-cfce1329536a body.method=tools/list isInit=false
[2026-03-12T00:59:43.429Z] POST /mcp sessionId=7d5656c2-d59c-4bb6-a415-cfce1329536a body.method=tools/list isInit=false
[2026-03-12T00:59:53.366Z] POST /mcp sessionId=7d5656c2-d59c-4bb6-a415-cfce1329536a body.method=tools/list isInit=false
[2026-03-12T01:02:10.926Z] POST /mcp sessionId=7d5656c2-d59c-4bb6-a415-cfce1329536a body.method=tools/list isInit=false
[2026-03-12T01:02:18.885Z] POST /mcp sessionId=7d5656c2-d59c-4bb6-a415-cfce1329536a body.method=tools/list isInit=false
[2026-03-12T01:03:02.091Z] POST /mcp sessionId=7d5656c2-d59c-4bb6-a415-cfce1329536a body.method=tools/list isInit=false
[2026-03-12T01:05:47.379Z] POST /mcp sessionId=7d5656c2-d59c-4bb6-a415-cfce1329536a body.method=tools/list isInit=false
[2026-03-12T01:06:06.213Z] POST /mcp sessionId=7d5656c2-d59c-4bb6-a415-cfce1329536a body.method=tools/list isInit=false
[2026-03-12T19:08:25.268Z] POST /mcp sessionId=(nenhum) body.method=initialize isInit=true
[2026-03-12T19:08:26.143Z] nova sessão 35c8f975-29b4-429c-8a22-46cb86abc210 (initialize)
[2026-03-12T19:08:26.385Z] POST /mcp sessionId=(nenhum) body.method=initialize isInit=true
[2026-03-12T19:08:26.447Z] nova sessão 739b6393-96d9-4ac1-8836-fc7638cff80a (initialize)
[2026-03-12T19:08:26.451Z] POST /mcp sessionId=35c8f975-29b4-429c-8a22-46cb86abc210 body.method=notifications/initialized isInit=false
[2026-03-12T19:08:26.472Z] POST /mcp sessionId=35c8f975-29b4-429c-8a22-46cb86abc210 body.method=tools/list isInit=false
[2026-03-12T19:08:26.600Z] POST /mcp sessionId=35c8f975-29b4-429c-8a22-46cb86abc210 body.method=tools/list isInit=false
[2026-03-12T19:08:26.788Z] POST /mcp sessionId=739b6393-96d9-4ac1-8836-fc7638cff80a body.method=notifications/initialized isInit=false
[2026-03-12T19:08:26.967Z] POST /mcp sessionId=739b6393-96d9-4ac1-8836-fc7638cff80a body.method=tools/list isInit=false
[2026-03-12T19:08:27.299Z] POST /mcp sessionId=35c8f975-29b4-429c-8a22-46cb86abc210 body.method=tools/list isInit=false
[2026-03-12T19:08:27.521Z] POST /mcp sessionId=739b6393-96d9-4ac1-8836-fc7638cff80a body.method=tools/list isInit=false
[2026-03-12T19:08:40.999Z] POST /mcp sessionId=35c8f975-29b4-429c-8a22-46cb86abc210 body.method=tools/list isInit=false
[2026-03-12T19:08:41.640Z] POST /mcp sessionId=35c8f975-29b4-429c-8a22-46cb86abc210 body.method=tools/list isInit=false
[2026-03-12T19:09:17.446Z] POST /mcp sessionId=35c8f975-29b4-429c-8a22-46cb86abc210 body.method=tools/list isInit=false
[2026-03-12T19:09:31.220Z] POST /mcp sessionId=35c8f975-29b4-429c-8a22-46cb86abc210 body.method=tools/list isInit=false
[2026-03-12T19:10:24.023Z] POST /mcp sessionId=35c8f975-29b4-429c-8a22-46cb86abc210 body.method=tools/call isInit=false
[2026-03-12T19:10:31.209Z] POST /mcp sessionId=35c8f975-29b4-429c-8a22-46cb86abc210 body.method=tools/call isInit=false
[2026-03-12T19:10:35.636Z] POST /mcp sessionId=35c8f975-29b4-429c-8a22-46cb86abc210 body.method=tools/call isInit=false
[2026-03-12T19:10:44.004Z] POST /mcp sessionId=35c8f975-29b4-429c-8a22-46cb86abc210 body.method=tools/call isInit=false
[2026-03-12T19:11:43.641Z] POST /mcp sessionId=(nenhum) body.method=initialize isInit=true
[2026-03-12T19:11:43.660Z] nova sessão 57fbb2b9-c3c0-4401-9d3b-9689c6c072d5 (initialize)
[2026-03-12T19:11:43.768Z] POST /mcp sessionId=57fbb2b9-c3c0-4401-9d3b-9689c6c072d5 body.method=notifications/initialized isInit=false
[2026-03-12T19:11:44.448Z] POST /mcp sessionId=(nenhum) body.method=initialize isInit=true
[2026-03-12T19:11:44.453Z] nova sessão 9c68d17c-8042-4dc3-88e3-8707fdc1b26b (initialize)
[2026-03-12T19:11:44.478Z] POST /mcp sessionId=9c68d17c-8042-4dc3-88e3-8707fdc1b26b body.method=notifications/initialized isInit=false
[2026-03-12T19:11:44.519Z] POST /mcp sessionId=9c68d17c-8042-4dc3-88e3-8707fdc1b26b body.method=tools/list isInit=false
[2026-03-12T19:11:44.533Z] POST /mcp sessionId=57fbb2b9-c3c0-4401-9d3b-9689c6c072d5 body.method=tools/list isInit=false
[2026-03-12T19:11:44.924Z] POST /mcp sessionId=9c68d17c-8042-4dc3-88e3-8707fdc1b26b body.method=tools/list isInit=false
[2026-03-12T19:11:50.353Z] POST /mcp sessionId=57fbb2b9-c3c0-4401-9d3b-9689c6c072d5 body.method=tools/list isInit=false
[2026-03-12T19:12:05.450Z] POST /mcp sessionId=57fbb2b9-c3c0-4401-9d3b-9689c6c072d5 body.method=tools/call isInit=false
[2026-03-12T19:12:07.589Z] POST /mcp sessionId=57fbb2b9-c3c0-4401-9d3b-9689c6c072d5 body.method=tools/call isInit=false
[2026-03-12T19:12:09.342Z] POST /mcp sessionId=57fbb2b9-c3c0-4401-9d3b-9689c6c072d5 body.method=tools/list isInit=false
[2026-03-12T19:12:12.260Z] POST /mcp sessionId=57fbb2b9-c3c0-4401-9d3b-9689c6c072d5 body.method=tools/call isInit=false
[2026-03-12T19:12:19.565Z] POST /mcp sessionId=57fbb2b9-c3c0-4401-9d3b-9689c6c072d5 body.method=tools/call isInit=false
[2026-03-12T19:12:35.799Z] POST /mcp sessionId=57fbb2b9-c3c0-4401-9d3b-9689c6c072d5 body.method=tools/list isInit=false
[2026-03-12T19:12:45.213Z] POST /mcp sessionId=57fbb2b9-c3c0-4401-9d3b-9689c6c072d5 body.method=tools/list isInit=false
[2026-03-12T19:12:48.378Z] POST /mcp sessionId=9c68d17c-8042-4dc3-88e3-8707fdc1b26b body.method=tools/list isInit=false
[2026-03-12T19:13:13.010Z] POST /mcp sessionId=57fbb2b9-c3c0-4401-9d3b-9689c6c072d5 body.method=tools/list isInit=false
[2026-03-12T19:13:13.814Z] POST /mcp sessionId=9c68d17c-8042-4dc3-88e3-8707fdc1b26b body.method=tools/list isInit=false
[2026-03-12T19:13:18.999Z] POST /mcp sessionId=9c68d17c-8042-4dc3-88e3-8707fdc1b26b body.method=tools/list isInit=false
[2026-03-12T19:14:30.097Z] POST /mcp sessionId=9c68d17c-8042-4dc3-88e3-8707fdc1b26b body.method=tools/list isInit=false
[2026-03-12T19:14:51.897Z] POST /mcp sessionId=9c68d17c-8042-4dc3-88e3-8707fdc1b26b body.method=tools/list isInit=false
[2026-03-12T19:15:02.801Z] POST /mcp sessionId=9c68d17c-8042-4dc3-88e3-8707fdc1b26b body.method=tools/list isInit=false
[2026-03-12T19:16:38.855Z] POST /mcp sessionId=57fbb2b9-c3c0-4401-9d3b-9689c6c072d5 body.method=tools/list isInit=false
[2026-03-12T19:16:42.247Z] POST /mcp sessionId=9c68d17c-8042-4dc3-88e3-8707fdc1b26b body.method=tools/list isInit=false
[2026-03-12T19:17:03.191Z] POST /mcp sessionId=57fbb2b9-c3c0-4401-9d3b-9689c6c072d5 body.method=tools/list isInit=false
[2026-03-12T19:17:03.748Z] POST /mcp sessionId=57fbb2b9-c3c0-4401-9d3b-9689c6c072d5 body.method=tools/list isInit=false
[2026-03-12T19:17:50.303Z] POST /mcp sessionId=9c68d17c-8042-4dc3-88e3-8707fdc1b26b body.method=tools/list isInit=false
[2026-03-12T19:17:52.713Z] POST /mcp sessionId=57fbb2b9-c3c0-4401-9d3b-9689c6c072d5 body.method=tools/list isInit=false
[2026-03-12T19:18:04.031Z] POST /mcp sessionId=57fbb2b9-c3c0-4401-9d3b-9689c6c072d5 body.method=tools/list isInit=false
[2026-03-12T19:18:24.523Z] POST /mcp sessionId=57fbb2b9-c3c0-4401-9d3b-9689c6c072d5 body.method=tools/call isInit=false
[2026-03-12T19:18:24.530Z] POST /mcp sessionId=57fbb2b9-c3c0-4401-9d3b-9689c6c072d5 body.method=tools/call isInit=false
[2026-03-12T19:18:33.359Z] POST /mcp sessionId=57fbb2b9-c3c0-4401-9d3b-9689c6c072d5 body.method=tools/call isInit=false
[2026-03-12T19:18:33.364Z] POST /mcp sessionId=57fbb2b9-c3c0-4401-9d3b-9689c6c072d5 body.method=tools/call isInit=false
[2026-03-12T19:18:56.951Z] POST /mcp sessionId=57fbb2b9-c3c0-4401-9d3b-9689c6c072d5 body.method=tools/list isInit=false
[2026-03-12T19:19:23.404Z] POST /mcp sessionId=57fbb2b9-c3c0-4401-9d3b-9689c6c072d5 body.method=tools/list isInit=false
[2026-03-12T19:19:39.347Z] POST /mcp sessionId=57fbb2b9-c3c0-4401-9d3b-9689c6c072d5 body.method=tools/call isInit=false
[2026-03-12T19:19:42.212Z] POST /mcp sessionId=57fbb2b9-c3c0-4401-9d3b-9689c6c072d5 body.method=tools/list isInit=false
[2026-03-12T19:19:44.410Z] POST /mcp sessionId=57fbb2b9-c3c0-4401-9d3b-9689c6c072d5 body.method=tools/call isInit=false
[2026-03-12T19:19:55.789Z] POST /mcp sessionId=57fbb2b9-c3c0-4401-9d3b-9689c6c072d5 body.method=tools/list isInit=false
[2026-03-12T19:20:31.641Z] POST /mcp sessionId=57fbb2b9-c3c0-4401-9d3b-9689c6c072d5 body.method=tools/list isInit=false
[2026-03-12T19:20:32.369Z] POST /mcp sessionId=9c68d17c-8042-4dc3-88e3-8707fdc1b26b body.method=tools/list isInit=false
[2026-03-12T19:20:42.296Z] POST /mcp sessionId=9c68d17c-8042-4dc3-88e3-8707fdc1b26b body.method=tools/list isInit=false
[2026-03-12T19:20:53.316Z] POST /mcp sessionId=9c68d17c-8042-4dc3-88e3-8707fdc1b26b body.method=tools/list isInit=false
[2026-03-12T19:21:37.140Z] POST /mcp sessionId=57fbb2b9-c3c0-4401-9d3b-9689c6c072d5 body.method=tools/list isInit=false
[2026-03-12T19:22:53.632Z] POST /mcp sessionId=9c68d17c-8042-4dc3-88e3-8707fdc1b26b body.method=tools/list isInit=false
[2026-03-12T19:23:15.941Z] POST /mcp sessionId=9c68d17c-8042-4dc3-88e3-8707fdc1b26b body.method=tools/list isInit=false
[2026-03-12T19:25:10.515Z] POST /mcp sessionId=9c68d17c-8042-4dc3-88e3-8707fdc1b26b body.method=tools/list isInit=false
[2026-03-12T19:25:34.395Z] POST /mcp sessionId=9c68d17c-8042-4dc3-88e3-8707fdc1b26b body.method=tools/list isInit=false
[2026-03-12T19:26:37.161Z] POST /mcp sessionId=57fbb2b9-c3c0-4401-9d3b-9689c6c072d5 body.method=tools/list isInit=false
[2026-03-12T19:29:38.095Z] POST /mcp sessionId=9c68d17c-8042-4dc3-88e3-8707fdc1b26b body.method=tools/list isInit=false
[2026-03-12T19:30:16.501Z] POST /mcp sessionId=9c68d17c-8042-4dc3-88e3-8707fdc1b26b body.method=tools/list isInit=false
[2026-03-12T19:30:22.662Z] POST /mcp sessionId=9c68d17c-8042-4dc3-88e3-8707fdc1b26b body.method=tools/list isInit=false
[2026-03-24T22:57:07.270Z] POST /mcp sessionId=(nenhum) body.method=initialize isInit=true
[2026-03-24T22:57:07.319Z] nova sessão 0aa7aa82-283f-4319-982a-feee882f61f1 (initialize)
[2026-03-24T22:57:07.338Z] POST /mcp sessionId=0aa7aa82-283f-4319-982a-feee882f61f1 body.method=notifications/initialized isInit=false
[2026-03-24T22:57:07.351Z] POST /mcp sessionId=0aa7aa82-283f-4319-982a-feee882f61f1 body.method=tools/list isInit=false
[2026-03-24T22:57:07.385Z] POST /mcp sessionId=0aa7aa82-283f-4319-982a-feee882f61f1 body.method=tools/list isInit=false
[2026-03-24T22:57:20.486Z] POST /mcp sessionId=0aa7aa82-283f-4319-982a-feee882f61f1 body.method=tools/list isInit=false
[2026-03-24T22:57:26.563Z] POST /mcp sessionId=0aa7aa82-283f-4319-982a-feee882f61f1 body.method=tools/list isInit=false
[2026-03-24T22:58:14.414Z] POST /mcp sessionId=0aa7aa82-283f-4319-982a-feee882f61f1 body.method=tools/list isInit=false
[2026-03-24T23:00:21.667Z] POST /mcp sessionId=0aa7aa82-283f-4319-982a-feee882f61f1 body.method=tools/list isInit=false
[2026-03-24T23:02:08.030Z] POST /mcp sessionId=0aa7aa82-283f-4319-982a-feee882f61f1 body.method=tools/list isInit=false
[2026-03-24T23:05:21.667Z] POST /mcp sessionId=0aa7aa82-283f-4319-982a-feee882f61f1 body.method=tools/list isInit=false
[2026-03-24T23:10:21.674Z] POST /mcp sessionId=0aa7aa82-283f-4319-982a-feee882f61f1 body.method=tools/list isInit=false
[2026-03-24T23:15:21.673Z] POST /mcp sessionId=0aa7aa82-283f-4319-982a-feee882f61f1 body.method=tools/list isInit=false
[2026-03-24T23:20:21.665Z] POST /mcp sessionId=0aa7aa82-283f-4319-982a-feee882f61f1 body.method=tools/list isInit=false
[2026-03-24T23:23:28.543Z] POST /mcp sessionId=0aa7aa82-283f-4319-982a-feee882f61f1 body.method=tools/list isInit=false
[2026-03-24T23:25:21.666Z] POST /mcp sessionId=0aa7aa82-283f-4319-982a-feee882f61f1 body.method=tools/list isInit=false
[2026-03-24T23:28:33.638Z] POST /mcp sessionId=0aa7aa82-283f-4319-982a-feee882f61f1 body.method=tools/list isInit=false
[2026-03-24T23:28:37.143Z] POST /mcp sessionId=0aa7aa82-283f-4319-982a-feee882f61f1 body.method=tools/list isInit=false
[2026-03-24T23:29:09.758Z] POST /mcp sessionId=0aa7aa82-283f-4319-982a-feee882f61f1 body.method=tools/list isInit=false
[2026-03-24T23:29:10.737Z] POST /mcp sessionId=0aa7aa82-283f-4319-982a-feee882f61f1 body.method=tools/list isInit=false
[2026-03-24T23:29:28.277Z] POST /mcp sessionId=0aa7aa82-283f-4319-982a-feee882f61f1 body.method=tools/list isInit=false
[2026-03-24T23:29:33.696Z] POST /mcp sessionId=0aa7aa82-283f-4319-982a-feee882f61f1 body.method=tools/list isInit=false
[2026-03-24T23:29:51.352Z] POST /mcp sessionId=0aa7aa82-283f-4319-982a-feee882f61f1 body.method=tools/list isInit=false
[2026-03-24T23:29:55.954Z] POST /mcp sessionId=0aa7aa82-283f-4319-982a-feee882f61f1 body.method=tools/list isInit=false
[2026-03-24T23:30:05.887Z] POST /mcp sessionId=0aa7aa82-283f-4319-982a-feee882f61f1 body.method=tools/list isInit=false
[2026-03-24T23:30:33.650Z] POST /mcp sessionId=0aa7aa82-283f-4319-982a-feee882f61f1 body.method=tools/list isInit=false
[2026-03-24T23:31:50.101Z] POST /mcp sessionId=0aa7aa82-283f-4319-982a-feee882f61f1 body.method=tools/list isInit=false
[2026-03-24T23:31:51.997Z] POST /mcp sessionId=0aa7aa82-283f-4319-982a-feee882f61f1 body.method=tools/list isInit=false
[2026-03-24T23:32:05.233Z] POST /mcp sessionId=0aa7aa82-283f-4319-982a-feee882f61f1 body.method=tools/list isInit=false
[2026-03-24T23:32:08.347Z] POST /mcp sessionId=0aa7aa82-283f-4319-982a-feee882f61f1 body.method=tools/list isInit=false
[2026-03-24T23:32:27.037Z] POST /mcp sessionId=0aa7aa82-283f-4319-982a-feee882f61f1 body.method=tools/list isInit=false
[2026-03-24T23:33:11.128Z] POST /mcp sessionId=0aa7aa82-283f-4319-982a-feee882f61f1 body.method=tools/list isInit=false
[2026-03-24T23:33:25.528Z] POST /mcp sessionId=0aa7aa82-283f-4319-982a-feee882f61f1 body.method=tools/list isInit=false
[2026-03-24T23:48:36.006Z] POST /mcp sessionId=(nenhum) body.method=initialize isInit=true
[2026-03-24T23:48:36.014Z] nova sessão 395cd926-a013-4fc2-ae5c-af64cf2b6928 (initialize)
[2026-03-24T23:48:36.092Z] POST /mcp sessionId=395cd926-a013-4fc2-ae5c-af64cf2b6928 body.method=notifications/initialized isInit=false
[2026-03-24T23:48:38.234Z] POST /mcp sessionId=395cd926-a013-4fc2-ae5c-af64cf2b6928 body.method=tools/list isInit=false
[2026-03-24T23:49:03.253Z] POST /mcp sessionId=395cd926-a013-4fc2-ae5c-af64cf2b6928 body.method=tools/list isInit=false
[2026-03-24T23:49:03.433Z] POST /mcp sessionId=395cd926-a013-4fc2-ae5c-af64cf2b6928 body.method=tools/list isInit=false
[2026-03-24T23:51:17.776Z] POST /mcp sessionId=395cd926-a013-4fc2-ae5c-af64cf2b6928 body.method=tools/list isInit=false
[2026-03-24T23:51:36.335Z] POST /mcp sessionId=395cd926-a013-4fc2-ae5c-af64cf2b6928 body.method=tools/list isInit=false
[2026-03-24T23:53:33.129Z] POST /mcp sessionId=395cd926-a013-4fc2-ae5c-af64cf2b6928 body.method=tools/list isInit=false
[2026-03-24T23:54:27.905Z] POST /mcp sessionId=395cd926-a013-4fc2-ae5c-af64cf2b6928 body.method=tools/list isInit=false
[2026-03-24T23:56:53.093Z] POST /mcp sessionId=395cd926-a013-4fc2-ae5c-af64cf2b6928 body.method=tools/list isInit=false
[2026-03-25T12:07:41.111Z] POST /mcp sessionId=(nenhum) body.method=initialize isInit=true
[2026-03-25T12:07:41.118Z] nova sessão 759fab64-7c7e-474d-9c4f-b32205b4ab8e (initialize)
[2026-03-25T12:07:41.177Z] POST /mcp sessionId=759fab64-7c7e-474d-9c4f-b32205b4ab8e body.method=notifications/initialized isInit=false
[2026-03-25T12:07:41.198Z] POST /mcp sessionId=759fab64-7c7e-474d-9c4f-b32205b4ab8e body.method=tools/list isInit=false
[2026-03-25T12:07:42.389Z] POST /mcp sessionId=(nenhum) body.method=initialize isInit=true
[2026-03-25T12:07:42.392Z] nova sessão c319312a-6ccd-4516-a5f3-1101e8f383f5 (initialize)
[2026-03-25T12:07:42.411Z] POST /mcp sessionId=c319312a-6ccd-4516-a5f3-1101e8f383f5 body.method=notifications/initialized isInit=false
[2026-03-25T12:07:42.450Z] POST /mcp sessionId=c319312a-6ccd-4516-a5f3-1101e8f383f5 body.method=tools/list isInit=false
[2026-03-25T12:07:48.651Z] POST /mcp sessionId=759fab64-7c7e-474d-9c4f-b32205b4ab8e body.method=tools/list isInit=false
[2026-03-25T12:07:51.176Z] POST /mcp sessionId=c319312a-6ccd-4516-a5f3-1101e8f383f5 body.method=tools/list isInit=false
[2026-03-25T12:07:58.674Z] POST /mcp sessionId=759fab64-7c7e-474d-9c4f-b32205b4ab8e body.method=tools/list isInit=false
[2026-03-25T12:08:01.756Z] POST /mcp sessionId=759fab64-7c7e-474d-9c4f-b32205b4ab8e body.method=tools/list isInit=false
[2026-03-25T12:08:45.497Z] POST /mcp sessionId=759fab64-7c7e-474d-9c4f-b32205b4ab8e body.method=tools/list isInit=false
[2026-03-25T12:08:54.215Z] POST /mcp sessionId=c319312a-6ccd-4516-a5f3-1101e8f383f5 body.method=tools/list isInit=false
[2026-03-25T12:09:09.551Z] POST /mcp sessionId=759fab64-7c7e-474d-9c4f-b32205b4ab8e body.method=tools/list isInit=false
[2026-03-25T12:09:15.631Z] POST /mcp sessionId=759fab64-7c7e-474d-9c4f-b32205b4ab8e body.method=tools/list isInit=false
[2026-03-25T12:10:32.762Z] POST /mcp sessionId=759fab64-7c7e-474d-9c4f-b32205b4ab8e body.method=tools/list isInit=false
[2026-03-25T12:10:38.675Z] POST /mcp sessionId=759fab64-7c7e-474d-9c4f-b32205b4ab8e body.method=tools/list isInit=false
[2026-03-25T12:10:49.509Z] POST /mcp sessionId=759fab64-7c7e-474d-9c4f-b32205b4ab8e body.method=tools/call isInit=false
[2026-03-25T12:12:45.366Z] POST /mcp sessionId=759fab64-7c7e-474d-9c4f-b32205b4ab8e body.method=tools/list isInit=false
[2026-03-25T12:13:21.165Z] POST /mcp sessionId=759fab64-7c7e-474d-9c4f-b32205b4ab8e body.method=tools/call isInit=false
[2026-03-25T12:13:26.607Z] POST /mcp sessionId=759fab64-7c7e-474d-9c4f-b32205b4ab8e body.method=tools/call isInit=false
[2026-03-25T12:13:54.216Z] POST /mcp sessionId=c319312a-6ccd-4516-a5f3-1101e8f383f5 body.method=tools/list isInit=false
[2026-03-25T12:14:37.478Z] POST /mcp sessionId=759fab64-7c7e-474d-9c4f-b32205b4ab8e body.method=tools/list isInit=false
[2026-03-25T12:16:13.905Z] POST /mcp sessionId=759fab64-7c7e-474d-9c4f-b32205b4ab8e body.method=tools/list isInit=false
[2026-03-25T12:16:54.292Z] POST /mcp sessionId=759fab64-7c7e-474d-9c4f-b32205b4ab8e body.method=tools/list isInit=false
[2026-03-25T12:17:00.462Z] POST /mcp sessionId=759fab64-7c7e-474d-9c4f-b32205b4ab8e body.method=tools/call isInit=false
[2026-03-25T12:18:53.689Z] POST /mcp sessionId=759fab64-7c7e-474d-9c4f-b32205b4ab8e body.method=tools/list isInit=false
[2026-03-25T12:18:54.214Z] POST /mcp sessionId=c319312a-6ccd-4516-a5f3-1101e8f383f5 body.method=tools/list isInit=false
[2026-03-25T12:20:48.341Z] POST /mcp sessionId=759fab64-7c7e-474d-9c4f-b32205b4ab8e body.method=tools/list isInit=false
[2026-03-25T12:21:28.302Z] POST /mcp sessionId=759fab64-7c7e-474d-9c4f-b32205b4ab8e body.method=tools/list isInit=false
[2026-03-25T12:23:54.220Z] POST /mcp sessionId=c319312a-6ccd-4516-a5f3-1101e8f383f5 body.method=tools/list isInit=false
[2026-03-25T12:24:18.451Z] POST /mcp sessionId=759fab64-7c7e-474d-9c4f-b32205b4ab8e body.method=tools/list isInit=false
[2026-03-25T12:24:25.707Z] POST /mcp sessionId=759fab64-7c7e-474d-9c4f-b32205b4ab8e body.method=tools/list isInit=false
[2026-03-25T12:26:23.822Z] POST /mcp sessionId=759fab64-7c7e-474d-9c4f-b32205b4ab8e body.method=tools/list isInit=false
[2026-03-25T12:26:39.531Z] POST /mcp sessionId=759fab64-7c7e-474d-9c4f-b32205b4ab8e body.method=tools/list isInit=false
[2026-03-25T12:27:46.720Z] POST /mcp sessionId=759fab64-7c7e-474d-9c4f-b32205b4ab8e body.method=tools/list isInit=false
[2026-03-25T12:27:58.564Z] POST /mcp sessionId=759fab64-7c7e-474d-9c4f-b32205b4ab8e body.method=tools/list isInit=false
[2026-03-25T12:28:07.326Z] POST /mcp sessionId=759fab64-7c7e-474d-9c4f-b32205b4ab8e body.method=tools/list isInit=false
[2026-03-25T12:28:24.173Z] POST /mcp sessionId=759fab64-7c7e-474d-9c4f-b32205b4ab8e body.method=tools/list isInit=false
[2026-03-25T12:28:54.208Z] POST /mcp sessionId=c319312a-6ccd-4516-a5f3-1101e8f383f5 body.method=tools/list isInit=false
[2026-03-25T12:30:42.765Z] POST /mcp sessionId=759fab64-7c7e-474d-9c4f-b32205b4ab8e body.method=tools/list isInit=false
[2026-03-25T12:32:50.725Z] POST /mcp sessionId=759fab64-7c7e-474d-9c4f-b32205b4ab8e body.method=tools/list isInit=false
[2026-03-25T12:33:21.789Z] POST /mcp sessionId=759fab64-7c7e-474d-9c4f-b32205b4ab8e body.method=tools/list isInit=false
[2026-03-25T12:33:47.008Z] POST /mcp sessionId=759fab64-7c7e-474d-9c4f-b32205b4ab8e body.method=tools/list isInit=false
[2026-03-25T12:33:49.836Z] POST /mcp sessionId=759fab64-7c7e-474d-9c4f-b32205b4ab8e body.method=tools/list isInit=false
[2026-03-25T12:33:54.224Z] POST /mcp sessionId=c319312a-6ccd-4516-a5f3-1101e8f383f5 body.method=tools/list isInit=false
[2026-03-25T12:34:58.130Z] POST /mcp sessionId=759fab64-7c7e-474d-9c4f-b32205b4ab8e body.method=tools/list isInit=false
[2026-03-25T12:38:54.212Z] POST /mcp sessionId=c319312a-6ccd-4516-a5f3-1101e8f383f5 body.method=tools/list isInit=false
[2026-03-25T12:43:54.210Z] POST /mcp sessionId=c319312a-6ccd-4516-a5f3-1101e8f383f5 body.method=tools/list isInit=false
[2026-03-25T12:46:36.112Z] POST /mcp sessionId=759fab64-7c7e-474d-9c4f-b32205b4ab8e body.method=tools/list isInit=false
[2026-03-25T12:48:54.213Z] POST /mcp sessionId=c319312a-6ccd-4516-a5f3-1101e8f383f5 body.method=tools/list isInit=false
[2026-03-25T12:49:00.908Z] POST /mcp sessionId=759fab64-7c7e-474d-9c4f-b32205b4ab8e body.method=tools/list isInit=false
[2026-03-25T12:51:52.546Z] POST /mcp sessionId=759fab64-7c7e-474d-9c4f-b32205b4ab8e body.method=tools/list isInit=false
[2026-03-25T12:53:05.129Z] POST /mcp sessionId=759fab64-7c7e-474d-9c4f-b32205b4ab8e body.method=tools/list isInit=false
[2026-03-25T12:53:54.223Z] POST /mcp sessionId=c319312a-6ccd-4516-a5f3-1101e8f383f5 body.method=tools/list isInit=false
[2026-03-25T12:56:54.107Z] POST /mcp sessionId=c319312a-6ccd-4516-a5f3-1101e8f383f5 body.method=tools/list isInit=false
[2026-03-25T12:56:55.881Z] POST /mcp sessionId=759fab64-7c7e-474d-9c4f-b32205b4ab8e body.method=tools/list isInit=false
[2026-03-25T12:58:54.222Z] POST /mcp sessionId=c319312a-6ccd-4516-a5f3-1101e8f383f5 body.method=tools/list isInit=false
[2026-03-25T12:59:34.800Z] POST /mcp sessionId=759fab64-7c7e-474d-9c4f-b32205b4ab8e body.method=tools/list isInit=false
[2026-03-25T13:00:40.152Z] POST /mcp sessionId=759fab64-7c7e-474d-9c4f-b32205b4ab8e body.method=tools/list isInit=false
[2026-03-25T13:01:55.908Z] POST /mcp sessionId=759fab64-7c7e-474d-9c4f-b32205b4ab8e body.method=tools/list isInit=false
[2026-03-25T13:03:26.371Z] POST /mcp sessionId=759fab64-7c7e-474d-9c4f-b32205b4ab8e body.method=tools/list isInit=false
[2026-03-25T13:03:35.889Z] POST /mcp sessionId=759fab64-7c7e-474d-9c4f-b32205b4ab8e body.method=tools/list isInit=false
[2026-03-25T13:03:54.216Z] POST /mcp sessionId=c319312a-6ccd-4516-a5f3-1101e8f383f5 body.method=tools/list isInit=false
[2026-03-25T13:05:34.624Z] POST /mcp sessionId=759fab64-7c7e-474d-9c4f-b32205b4ab8e body.method=tools/list isInit=false
[2026-03-25T13:07:07.351Z] POST /mcp sessionId=759fab64-7c7e-474d-9c4f-b32205b4ab8e body.method=tools/list isInit=false
[2026-03-25T13:07:07.839Z] POST /mcp sessionId=759fab64-7c7e-474d-9c4f-b32205b4ab8e body.method=tools/list isInit=false
[2026-03-25T13:07:09.916Z] POST /mcp sessionId=c319312a-6ccd-4516-a5f3-1101e8f383f5 body.method=tools/list isInit=false
[2026-03-25T13:07:10.263Z] POST /mcp sessionId=759fab64-7c7e-474d-9c4f-b32205b4ab8e body.method=tools/list isInit=false
[2026-03-25T13:07:29.056Z] POST /mcp sessionId=759fab64-7c7e-474d-9c4f-b32205b4ab8e body.method=tools/list isInit=false
[2026-03-25T13:07:36.106Z] POST /mcp sessionId=759fab64-7c7e-474d-9c4f-b32205b4ab8e body.method=tools/list isInit=false
[2026-03-25T13:08:17.576Z] POST /mcp sessionId=759fab64-7c7e-474d-9c4f-b32205b4ab8e body.method=tools/list isInit=false
[2026-03-25T13:08:41.806Z] POST /mcp sessionId=759fab64-7c7e-474d-9c4f-b32205b4ab8e body.method=tools/list isInit=false
[2026-03-25T13:08:43.109Z] POST /mcp sessionId=c319312a-6ccd-4516-a5f3-1101e8f383f5 body.method=tools/list isInit=false
[2026-03-25T13:08:43.312Z] POST /mcp sessionId=759fab64-7c7e-474d-9c4f-b32205b4ab8e body.method=tools/list isInit=false
[2026-03-25T13:09:43.034Z] POST /mcp sessionId=759fab64-7c7e-474d-9c4f-b32205b4ab8e body.method=tools/list isInit=false
[2026-03-25T13:09:43.361Z] POST /mcp sessionId=c319312a-6ccd-4516-a5f3-1101e8f383f5 body.method=tools/list isInit=false
[2026-03-25T13:10:43.667Z] POST /mcp sessionId=759fab64-7c7e-474d-9c4f-b32205b4ab8e body.method=tools/list isInit=false
[2026-03-25T13:10:43.696Z] POST /mcp sessionId=c319312a-6ccd-4516-a5f3-1101e8f383f5 body.method=tools/list isInit=false
[2026-03-25T13:10:51.313Z] POST /mcp sessionId=759fab64-7c7e-474d-9c4f-b32205b4ab8e body.method=tools/list isInit=false
[2026-03-25T13:12:24.927Z] POST /mcp sessionId=759fab64-7c7e-474d-9c4f-b32205b4ab8e body.method=tools/list isInit=false
[2026-03-25T13:12:54.128Z] POST /mcp sessionId=759fab64-7c7e-474d-9c4f-b32205b4ab8e body.method=tools/list isInit=false
[2026-03-25T13:13:52.817Z] POST /mcp sessionId=759fab64-7c7e-474d-9c4f-b32205b4ab8e body.method=tools/list isInit=false
[2026-03-25T13:13:54.217Z] POST /mcp sessionId=c319312a-6ccd-4516-a5f3-1101e8f383f5 body.method=tools/list isInit=false
[2026-03-25T13:14:10.829Z] POST /mcp sessionId=759fab64-7c7e-474d-9c4f-b32205b4ab8e body.method=tools/call isInit=false
[2026-03-25T13:14:24.191Z] POST /mcp sessionId=759fab64-7c7e-474d-9c4f-b32205b4ab8e body.method=tools/list isInit=false
[2026-03-25T13:14:34.001Z] POST /mcp sessionId=759fab64-7c7e-474d-9c4f-b32205b4ab8e body.method=tools/call isInit=false
[2026-03-25T13:14:34.010Z] POST /mcp sessionId=759fab64-7c7e-474d-9c4f-b32205b4ab8e body.method=tools/call isInit=false
[2026-03-25T13:14:50.574Z] POST /mcp sessionId=759fab64-7c7e-474d-9c4f-b32205b4ab8e body.method=tools/call isInit=false
[2026-03-25T13:14:54.898Z] POST /mcp sessionId=759fab64-7c7e-474d-9c4f-b32205b4ab8e body.method=tools/call isInit=false
[2026-03-25T13:15:31.776Z] POST /mcp sessionId=759fab64-7c7e-474d-9c4f-b32205b4ab8e body.method=tools/call isInit=false
[2026-03-25T13:15:40.925Z] POST /mcp sessionId=759fab64-7c7e-474d-9c4f-b32205b4ab8e body.method=tools/call isInit=false
[2026-03-25T13:15:46.596Z] POST /mcp sessionId=759fab64-7c7e-474d-9c4f-b32205b4ab8e body.method=tools/call isInit=false
[2026-03-25T13:15:56.798Z] POST /mcp sessionId=759fab64-7c7e-474d-9c4f-b32205b4ab8e body.method=tools/call isInit=false
[2026-03-25T13:16:20.520Z] POST /mcp sessionId=759fab64-7c7e-474d-9c4f-b32205b4ab8e body.method=tools/list isInit=false
[2026-03-25T13:16:53.814Z] POST /mcp sessionId=759fab64-7c7e-474d-9c4f-b32205b4ab8e body.method=tools/list isInit=false
[2026-03-25T13:17:26.597Z] POST /mcp sessionId=759fab64-7c7e-474d-9c4f-b32205b4ab8e body.method=tools/list isInit=false
[2026-03-25T13:17:43.726Z] POST /mcp sessionId=759fab64-7c7e-474d-9c4f-b32205b4ab8e body.method=tools/list isInit=false
[2026-03-25T13:18:34.199Z] POST /mcp sessionId=759fab64-7c7e-474d-9c4f-b32205b4ab8e body.method=tools/list isInit=false
[2026-03-25T13:18:54.214Z] POST /mcp sessionId=c319312a-6ccd-4516-a5f3-1101e8f383f5 body.method=tools/list isInit=false
[2026-03-25T13:19:03.612Z] POST /mcp sessionId=759fab64-7c7e-474d-9c4f-b32205b4ab8e body.method=tools/list isInit=false
[2026-03-25T13:23:54.312Z] POST /mcp sessionId=c319312a-6ccd-4516-a5f3-1101e8f383f5 body.method=tools/list isInit=false
[2026-03-25T13:26:03.200Z] POST /mcp sessionId=759fab64-7c7e-474d-9c4f-b32205b4ab8e body.method=tools/list isInit=false
[2026-03-25T13:26:53.322Z] POST /mcp sessionId=759fab64-7c7e-474d-9c4f-b32205b4ab8e body.method=tools/list isInit=false
[2026-03-25T13:27:58.871Z] POST /mcp sessionId=759fab64-7c7e-474d-9c4f-b32205b4ab8e body.method=tools/list isInit=false
[2026-03-25T13:28:54.218Z] POST /mcp sessionId=c319312a-6ccd-4516-a5f3-1101e8f383f5 body.method=tools/list isInit=false
[2026-03-25T13:30:43.976Z] POST /mcp sessionId=759fab64-7c7e-474d-9c4f-b32205b4ab8e body.method=tools/list isInit=false
[2026-03-25T13:31:29.998Z] POST /mcp sessionId=759fab64-7c7e-474d-9c4f-b32205b4ab8e body.method=tools/list isInit=false
[2026-03-25T13:32:50.413Z] POST /mcp sessionId=759fab64-7c7e-474d-9c4f-b32205b4ab8e body.method=tools/list isInit=false
[2026-03-25T13:33:54.209Z] POST /mcp sessionId=c319312a-6ccd-4516-a5f3-1101e8f383f5 body.method=tools/list isInit=false
[2026-03-25T13:37:11.769Z] POST /mcp sessionId=759fab64-7c7e-474d-9c4f-b32205b4ab8e body.method=tools/list isInit=false
[2026-03-25T13:38:54.221Z] POST /mcp sessionId=c319312a-6ccd-4516-a5f3-1101e8f383f5 body.method=tools/list isInit=false
[2026-03-25T13:41:10.284Z] POST /mcp sessionId=759fab64-7c7e-474d-9c4f-b32205b4ab8e body.method=tools/list isInit=false
[2026-03-25T13:41:21.980Z] POST /mcp sessionId=759fab64-7c7e-474d-9c4f-b32205b4ab8e body.method=tools/call isInit=false
[2026-03-25T13:41:30.590Z] POST /mcp sessionId=759fab64-7c7e-474d-9c4f-b32205b4ab8e body.method=tools/call isInit=false
[2026-03-25T13:42:02.835Z] POST /mcp sessionId=759fab64-7c7e-474d-9c4f-b32205b4ab8e body.method=tools/list isInit=false
[2026-03-25T13:42:13.443Z] POST /mcp sessionId=759fab64-7c7e-474d-9c4f-b32205b4ab8e body.method=tools/call isInit=false
[2026-03-25T13:43:09.606Z] POST /mcp sessionId=759fab64-7c7e-474d-9c4f-b32205b4ab8e body.method=tools/list isInit=false
[2026-03-25T13:43:16.255Z] POST /mcp sessionId=759fab64-7c7e-474d-9c4f-b32205b4ab8e body.method=tools/list isInit=false
[2026-03-25T13:43:54.214Z] POST /mcp sessionId=c319312a-6ccd-4516-a5f3-1101e8f383f5 body.method=tools/list isInit=false
[2026-03-25T13:45:20.183Z] POST /mcp sessionId=759fab64-7c7e-474d-9c4f-b32205b4ab8e body.method=tools/list isInit=false
[2026-03-25T13:48:54.217Z] POST /mcp sessionId=c319312a-6ccd-4516-a5f3-1101e8f383f5 body.method=tools/list isInit=false
[2026-03-25T13:49:46.650Z] POST /mcp sessionId=759fab64-7c7e-474d-9c4f-b32205b4ab8e body.method=tools/list isInit=false
[2026-03-25T13:52:04.020Z] POST /mcp sessionId=759fab64-7c7e-474d-9c4f-b32205b4ab8e body.method=tools/list isInit=false
[2026-03-25T13:52:42.122Z] POST /mcp sessionId=759fab64-7c7e-474d-9c4f-b32205b4ab8e body.method=tools/list isInit=false
[2026-03-25T13:53:54.232Z] POST /mcp sessionId=c319312a-6ccd-4516-a5f3-1101e8f383f5 body.method=tools/list isInit=false
[2026-03-25T13:54:53.160Z] POST /mcp sessionId=759fab64-7c7e-474d-9c4f-b32205b4ab8e body.method=tools/list isInit=false
[2026-03-25T13:58:54.237Z] POST /mcp sessionId=c319312a-6ccd-4516-a5f3-1101e8f383f5 body.method=tools/list isInit=false
[2026-03-25T13:59:20.323Z] POST /mcp sessionId=759fab64-7c7e-474d-9c4f-b32205b4ab8e body.method=tools/list isInit=false
[2026-03-25T13:59:53.527Z] POST /mcp sessionId=759fab64-7c7e-474d-9c4f-b32205b4ab8e body.method=tools/list isInit=false
[2026-03-25T14:00:47.976Z] POST /mcp sessionId=759fab64-7c7e-474d-9c4f-b32205b4ab8e body.method=tools/list isInit=false
[2026-03-25T14:02:13.780Z] POST /mcp sessionId=759fab64-7c7e-474d-9c4f-b32205b4ab8e body.method=tools/list isInit=false
[2026-03-25T14:02:36.482Z] POST /mcp sessionId=759fab64-7c7e-474d-9c4f-b32205b4ab8e body.method=tools/list isInit=false
[2026-03-25T14:03:54.233Z] POST /mcp sessionId=c319312a-6ccd-4516-a5f3-1101e8f383f5 body.method=tools/list isInit=false
[2026-03-25T14:05:34.795Z] POST /mcp sessionId=759fab64-7c7e-474d-9c4f-b32205b4ab8e body.method=tools/list isInit=false
[2026-03-25T14:06:32.467Z] POST /mcp sessionId=759fab64-7c7e-474d-9c4f-b32205b4ab8e body.method=tools/list isInit=false
[2026-03-25T14:06:55.013Z] POST /mcp sessionId=759fab64-7c7e-474d-9c4f-b32205b4ab8e body.method=tools/list isInit=false
[2026-03-25T14:07:32.957Z] POST /mcp sessionId=759fab64-7c7e-474d-9c4f-b32205b4ab8e body.method=tools/list isInit=false
[2026-03-25T14:08:24.895Z] POST /mcp sessionId=759fab64-7c7e-474d-9c4f-b32205b4ab8e body.method=tools/list isInit=false
[2026-03-25T14:08:54.222Z] POST /mcp sessionId=c319312a-6ccd-4516-a5f3-1101e8f383f5 body.method=tools/list isInit=false
[2026-03-25T14:10:02.641Z] POST /mcp sessionId=759fab64-7c7e-474d-9c4f-b32205b4ab8e body.method=tools/list isInit=false
[2026-03-25T14:10:06.347Z] POST /mcp sessionId=c319312a-6ccd-4516-a5f3-1101e8f383f5 body.method=tools/list isInit=false
[2026-03-25T14:10:13.745Z] POST /mcp sessionId=759fab64-7c7e-474d-9c4f-b32205b4ab8e body.method=tools/list isInit=false
[2026-03-25T14:10:38.268Z] POST /mcp sessionId=c319312a-6ccd-4516-a5f3-1101e8f383f5 body.method=tools/list isInit=false
[2026-03-25T14:11:11.677Z] POST /mcp sessionId=759fab64-7c7e-474d-9c4f-b32205b4ab8e body.method=tools/list isInit=false
[2026-03-25T14:11:32.567Z] POST /mcp sessionId=759fab64-7c7e-474d-9c4f-b32205b4ab8e body.method=tools/list isInit=false
[2026-03-25T14:12:42.320Z] POST /mcp sessionId=759fab64-7c7e-474d-9c4f-b32205b4ab8e body.method=tools/list isInit=false
[2026-03-25T14:12:55.508Z] POST /mcp sessionId=759fab64-7c7e-474d-9c4f-b32205b4ab8e body.method=tools/list isInit=false
[2026-03-25T14:14:05.547Z] POST /mcp sessionId=759fab64-7c7e-474d-9c4f-b32205b4ab8e body.method=tools/list isInit=false
[2026-03-25T14:15:01.236Z] POST /mcp sessionId=c319312a-6ccd-4516-a5f3-1101e8f383f5 body.method=tools/list isInit=false
[2026-03-25T14:15:26.908Z] POST /mcp sessionId=759fab64-7c7e-474d-9c4f-b32205b4ab8e body.method=tools/list isInit=false
[2026-03-25T14:19:01.363Z] POST /mcp sessionId=c319312a-6ccd-4516-a5f3-1101e8f383f5 body.method=tools/list isInit=false
[2026-03-25T14:19:06.443Z] POST /mcp sessionId=759fab64-7c7e-474d-9c4f-b32205b4ab8e body.method=tools/list isInit=false
[2026-03-25T14:19:42.896Z] POST /mcp sessionId=759fab64-7c7e-474d-9c4f-b32205b4ab8e body.method=tools/list isInit=false
[2026-03-25T14:22:52.999Z] POST /mcp sessionId=759fab64-7c7e-474d-9c4f-b32205b4ab8e body.method=tools/list isInit=false
[2026-03-25T14:24:01.232Z] POST /mcp sessionId=c319312a-6ccd-4516-a5f3-1101e8f383f5 body.method=tools/list isInit=false
[2026-03-25T14:25:14.049Z] POST /mcp sessionId=759fab64-7c7e-474d-9c4f-b32205b4ab8e body.method=tools/list isInit=false
[2026-03-25T14:25:24.673Z] POST /mcp sessionId=759fab64-7c7e-474d-9c4f-b32205b4ab8e body.method=tools/list isInit=false
[2026-03-25T14:26:09.960Z] POST /mcp sessionId=759fab64-7c7e-474d-9c4f-b32205b4ab8e body.method=tools/list isInit=false
[2026-03-25T14:28:41.148Z] POST /mcp sessionId=759fab64-7c7e-474d-9c4f-b32205b4ab8e body.method=tools/list isInit=false
[2026-03-25T14:28:47.144Z] POST /mcp sessionId=759fab64-7c7e-474d-9c4f-b32205b4ab8e body.method=tools/list isInit=false
[2026-03-25T14:28:52.737Z] POST /mcp sessionId=759fab64-7c7e-474d-9c4f-b32205b4ab8e body.method=tools/list isInit=false
[2026-03-25T14:29:01.265Z] POST /mcp sessionId=c319312a-6ccd-4516-a5f3-1101e8f383f5 body.method=tools/list isInit=false
[2026-03-25T14:29:33.805Z] POST /mcp sessionId=759fab64-7c7e-474d-9c4f-b32205b4ab8e body.method=tools/list isInit=false
[2026-03-25T14:29:52.031Z] POST /mcp sessionId=759fab64-7c7e-474d-9c4f-b32205b4ab8e body.method=tools/list isInit=false
[2026-03-25T14:30:45.149Z] POST /mcp sessionId=759fab64-7c7e-474d-9c4f-b32205b4ab8e body.method=tools/list isInit=false
[2026-03-25T14:31:04.153Z] POST /mcp sessionId=759fab64-7c7e-474d-9c4f-b32205b4ab8e body.method=tools/list isInit=false
[2026-03-25T14:32:18.469Z] POST /mcp sessionId=759fab64-7c7e-474d-9c4f-b32205b4ab8e body.method=tools/list isInit=false
[2026-03-25T14:33:21.208Z] POST /mcp sessionId=759fab64-7c7e-474d-9c4f-b32205b4ab8e body.method=tools/list isInit=false
[2026-03-25T14:33:37.291Z] POST /mcp sessionId=759fab64-7c7e-474d-9c4f-b32205b4ab8e body.method=tools/list isInit=false
[2026-03-25T14:33:53.568Z] POST /mcp sessionId=759fab64-7c7e-474d-9c4f-b32205b4ab8e body.method=tools/list isInit=false
[2026-03-25T14:34:01.367Z] POST /mcp sessionId=c319312a-6ccd-4516-a5f3-1101e8f383f5 body.method=tools/list isInit=false
[2026-03-25T14:37:08.563Z] POST /mcp sessionId=759fab64-7c7e-474d-9c4f-b32205b4ab8e body.method=tools/list isInit=false
[2026-03-25T14:38:16.134Z] POST /mcp sessionId=759fab64-7c7e-474d-9c4f-b32205b4ab8e body.method=tools/list isInit=false
[2026-03-25T14:39:01.330Z] POST /mcp sessionId=c319312a-6ccd-4516-a5f3-1101e8f383f5 body.method=tools/list isInit=false
[2026-03-25T14:40:07.544Z] POST /mcp sessionId=759fab64-7c7e-474d-9c4f-b32205b4ab8e body.method=tools/list isInit=false
[2026-03-25T14:41:52.389Z] POST /mcp sessionId=759fab64-7c7e-474d-9c4f-b32205b4ab8e body.method=tools/list isInit=false
[2026-03-25T14:42:56.428Z] POST /mcp sessionId=759fab64-7c7e-474d-9c4f-b32205b4ab8e body.method=tools/list isInit=false
[2026-03-25T14:43:51.213Z] POST /mcp sessionId=759fab64-7c7e-474d-9c4f-b32205b4ab8e body.method=tools/list isInit=false
[2026-03-25T14:44:01.230Z] POST /mcp sessionId=c319312a-6ccd-4516-a5f3-1101e8f383f5 body.method=tools/list isInit=false
[2026-03-25T14:44:57.905Z] POST /mcp sessionId=759fab64-7c7e-474d-9c4f-b32205b4ab8e body.method=tools/list isInit=false
[2026-03-25T14:46:24.375Z] POST /mcp sessionId=759fab64-7c7e-474d-9c4f-b32205b4ab8e body.method=tools/list isInit=false
[2026-03-25T14:46:58.067Z] POST /mcp sessionId=759fab64-7c7e-474d-9c4f-b32205b4ab8e body.method=tools/list isInit=false
[2026-03-25T14:51:50.835Z] POST /mcp sessionId=759fab64-7c7e-474d-9c4f-b32205b4ab8e body.method=tools/list isInit=false
[2026-03-25T14:51:52.491Z] POST /mcp sessionId=759fab64-7c7e-474d-9c4f-b32205b4ab8e body.method=notifications/cancelled isInit=false
[2026-03-25T14:52:10.670Z] POST /mcp sessionId=759fab64-7c7e-474d-9c4f-b32205b4ab8e body.method=tools/list isInit=false
[2026-03-25T14:52:12.174Z] POST /mcp sessionId=759fab64-7c7e-474d-9c4f-b32205b4ab8e body.method=tools/list isInit=false
[2026-03-25T14:52:58.451Z] POST /mcp sessionId=c319312a-6ccd-4516-a5f3-1101e8f383f5 body.method=tools/list isInit=false
[2026-03-25T14:52:59.613Z] POST /mcp sessionId=759fab64-7c7e-474d-9c4f-b32205b4ab8e body.method=tools/list isInit=false
[2026-03-25T14:53:15.495Z] POST /mcp sessionId=759fab64-7c7e-474d-9c4f-b32205b4ab8e body.method=tools/list isInit=false
[2026-03-25T14:53:20.451Z] POST /mcp sessionId=(nenhum) body.method=initialize isInit=true
[2026-03-25T14:53:22.397Z] nova sessão fda74a2e-9865-4014-9b05-f580b2454f21 (initialize)
[2026-03-25T14:53:22.481Z] POST /mcp sessionId=fda74a2e-9865-4014-9b05-f580b2454f21 body.method=notifications/initialized isInit=false
[2026-03-25T14:53:22.547Z] POST /mcp sessionId=fda74a2e-9865-4014-9b05-f580b2454f21 body.method=tools/list isInit=false
[2026-03-25T14:53:24.882Z] POST /mcp sessionId=c319312a-6ccd-4516-a5f3-1101e8f383f5 body.method=tools/list isInit=false
[2026-03-25T14:53:42.625Z] POST /mcp sessionId=fda74a2e-9865-4014-9b05-f580b2454f21 body.method=tools/list isInit=false
[2026-03-25T14:53:43.591Z] POST /mcp sessionId=fda74a2e-9865-4014-9b05-f580b2454f21 body.method=tools/list isInit=false
[2026-03-25T14:55:42.722Z] POST /mcp sessionId=fda74a2e-9865-4014-9b05-f580b2454f21 body.method=tools/list isInit=false
[2026-03-25T14:56:25.892Z] POST /mcp sessionId=fda74a2e-9865-4014-9b05-f580b2454f21 body.method=tools/list isInit=false
[2026-03-25T14:57:37.068Z] POST /mcp sessionId=fda74a2e-9865-4014-9b05-f580b2454f21 body.method=tools/list isInit=false
[2026-03-25T14:58:01.546Z] POST /mcp sessionId=fda74a2e-9865-4014-9b05-f580b2454f21 body.method=tools/list isInit=false
[2026-03-25T14:59:13.313Z] POST /mcp sessionId=fda74a2e-9865-4014-9b05-f580b2454f21 body.method=tools/list isInit=false
[2026-03-25T14:59:27.827Z] POST /mcp sessionId=fda74a2e-9865-4014-9b05-f580b2454f21 body.method=tools/list isInit=false
[2026-03-25T14:59:27.887Z] POST /mcp sessionId=(nenhum) body.method=initialize isInit=true
[2026-03-25T14:59:27.890Z] nova sessão 46928b05-d519-40e1-9bb8-989b96bc1afb (initialize)
[2026-03-25T14:59:27.921Z] POST /mcp sessionId=46928b05-d519-40e1-9bb8-989b96bc1afb body.method=notifications/initialized isInit=false
[2026-03-25T14:59:27.936Z] POST /mcp sessionId=46928b05-d519-40e1-9bb8-989b96bc1afb body.method=tools/list isInit=false
[2026-03-25T14:59:31.499Z] POST /mcp sessionId=46928b05-d519-40e1-9bb8-989b96bc1afb body.method=tools/list isInit=false
[2026-03-25T14:59:32.148Z] POST /mcp sessionId=46928b05-d519-40e1-9bb8-989b96bc1afb body.method=tools/list isInit=false
[2026-03-25T14:59:33.862Z] POST /mcp sessionId=fda74a2e-9865-4014-9b05-f580b2454f21 body.method=tools/list isInit=false
[2026-03-25T14:59:47.168Z] POST /mcp sessionId=46928b05-d519-40e1-9bb8-989b96bc1afb body.method=tools/list isInit=false
[2026-03-25T14:59:47.291Z] POST /mcp sessionId=fda74a2e-9865-4014-9b05-f580b2454f21 body.method=tools/list isInit=false
[2026-03-25T14:59:50.989Z] POST /mcp sessionId=fda74a2e-9865-4014-9b05-f580b2454f21 body.method=tools/list isInit=false
[2026-03-25T14:59:53.058Z] POST /mcp sessionId=46928b05-d519-40e1-9bb8-989b96bc1afb body.method=tools/list isInit=false
[2026-03-25T15:00:44.972Z] POST /mcp sessionId=fda74a2e-9865-4014-9b05-f580b2454f21 body.method=tools/list isInit=false
[2026-03-25T15:02:02.604Z] POST /mcp sessionId=fda74a2e-9865-4014-9b05-f580b2454f21 body.method=tools/list isInit=false
[2026-03-25T15:04:01.210Z] POST /mcp sessionId=46928b05-d519-40e1-9bb8-989b96bc1afb body.method=tools/list isInit=false
[2026-03-25T15:05:40.863Z] POST /mcp sessionId=fda74a2e-9865-4014-9b05-f580b2454f21 body.method=tools/list isInit=false
[2026-03-25T15:06:36.439Z] POST /mcp sessionId=fda74a2e-9865-4014-9b05-f580b2454f21 body.method=tools/list isInit=false
[2026-03-25T15:09:01.344Z] POST /mcp sessionId=46928b05-d519-40e1-9bb8-989b96bc1afb body.method=tools/list isInit=false
[2026-03-25T15:09:22.625Z] POST /mcp sessionId=fda74a2e-9865-4014-9b05-f580b2454f21 body.method=tools/list isInit=false
[2026-03-25T15:10:22.064Z] POST /mcp sessionId=fda74a2e-9865-4014-9b05-f580b2454f21 body.method=tools/list isInit=false
[2026-03-25T15:10:56.284Z] POST /mcp sessionId=fda74a2e-9865-4014-9b05-f580b2454f21 body.method=tools/list isInit=false
[2026-03-25T15:11:10.968Z] POST /mcp sessionId=fda74a2e-9865-4014-9b05-f580b2454f21 body.method=tools/list isInit=false
[2026-03-25T15:12:04.780Z] POST /mcp sessionId=fda74a2e-9865-4014-9b05-f580b2454f21 body.method=tools/list isInit=false
[2026-03-25T15:14:01.309Z] POST /mcp sessionId=46928b05-d519-40e1-9bb8-989b96bc1afb body.method=tools/list isInit=false
[2026-03-25T15:18:11.623Z] POST /mcp sessionId=fda74a2e-9865-4014-9b05-f580b2454f21 body.method=tools/list isInit=false
[2026-03-25T15:19:01.348Z] POST /mcp sessionId=46928b05-d519-40e1-9bb8-989b96bc1afb body.method=tools/list isInit=false
[2026-03-25T15:20:56.007Z] POST /mcp sessionId=fda74a2e-9865-4014-9b05-f580b2454f21 body.method=tools/list isInit=false
[2026-03-25T15:21:30.668Z] POST /mcp sessionId=fda74a2e-9865-4014-9b05-f580b2454f21 body.method=tools/list isInit=false
[2026-03-25T15:21:54.794Z] POST /mcp sessionId=fda74a2e-9865-4014-9b05-f580b2454f21 body.method=tools/list isInit=false
[2026-03-25T15:22:03.341Z] POST /mcp sessionId=fda74a2e-9865-4014-9b05-f580b2454f21 body.method=tools/list isInit=false
